X,Y,OBJECTID,Equipment_ID,Equipment_Name,Current_Location,Current_Lat,Current_Long,Allocated_Location,Allocated_Lat,Allocated_Long,ON_Number,Lifeboat_Number,MMSI,Class,Launch_Method,Product_ID,Model_ID,On_Service_Date
-1.461971,54.953039,1,OB02016045,Rescue Water Craft Yamaha VX1100,Boldon Support Centre,54.953039,-1.461971,,,,,RWC-088,,RWC,Yamaha,Yamaha,VX1100,01/12/2014
-1.461971,54.953039,2,OB02016054,Rescue Water Craft Yamaha VX1100,Boldon Support Centre,54.953039,-1.461971,,,,,RWC-096,,RWC,Yamaha,Yamaha,VX1100,01/12/2014
-1.461971,54.953039,3,OB02016052,Rescue Water Craft Yamaha VX1100,Boldon Support Centre,54.953039,-1.461971,,,,,RWC-094,,RWC,Yamaha,Yamaha,VX1100,01/12/2014
-1.461971,54.953039,4,OB02005926,A-Class IRB No Name,Boldon Support Centre,54.953039,-1.461971,,,,,A-61,,A-Class,Arancia New Zealand built,AranciaNZ,MK1Lifeguard,20/05/2009
-1.461971,54.953039,5,OB02005927,A-Class IRB No Name,Boldon Support Centre,54.953039,-1.461971,,,,,A-62,,A-Class,Arancia New Zealand built,AranciaNZ,MK1Lifeguard,20/05/2009
-1.461971,54.953039,6,OB02006056,A-Class IRB No Name,Boldon Support Centre,54.953039,-1.461971,,,,,A-71,,A-Class,Arancia New Zealand built,AranciaNZ,MK1Lifeguard,01/01/2009
-3.544181,51.500605,7,OB02003190,A-Class IRB No Name,Bridgend Support Centre,51.500605,-3.544181,,,,,A-24,,A-Class,Arancia New Zealand built,AranciaNZ,MK1Lifeguard,01/05/2002
-4.531008,50.820874,8,OB02003632,A-Class IRB No Name,Bude Support Centre,50.820874,-4.531008,,,,,A-34,,A-Class,Arancia New Zealand built,AranciaNZ,MK1Lifeguard,01/05/2005
-4.531008,50.820874,9,OB02003633,A-Class IRB No Name,Bude Support Centre,50.820874,-4.531008,,,,,A-35,,A-Class,Arancia New Zealand built,AranciaNZ,MK1Lifeguard,01/05/2005
-4.531008,50.820874,10,OB02006596,Rescue Water Craft Yamaha VX700,Bude Support Centre,50.820874,-4.531008,,,,,RWC-062,,RWC,Yamaha,Yamaha,VX700,01/03/2010
-4.531008,50.820874,11,OB02008865,Rescue Water Craft Yamaha VX700,Bude Support Centre,50.820874,-4.531008,,,,,RWC-076,,RWC,Yamaha,Yamaha,VX700,01/04/2010
1.536355,52.742765,12,OB02004862,A-Class IRB Liverpool Tall Ships 2008,Catfield Support Centre,52.742765,1.536355,,,,,A-47,,A-Class,Arancia New Zealand built,AranciaNZ,MK1Lifeguard,07/05/2008
1.536355,52.742765,13,OB02004863,A-Class IRB Margaret and Bruce,Catfield Support Centre,52.742765,1.536355,,,,,A-48,,A-Class,Arancia New Zealand built,AranciaNZ,MK1Lifeguard,11/02/2008
-0.796867,50.82121,14,OB02014060,Rescue Water Craft Yamaha VX700,Chichester Support Centre,50.82121,-0.796867,,,,,RWC-082,,RWC,Yamaha,Yamaha,VX700,01/12/2013
-3.459267,50.597119,15,OB02005972,Rescue Water Craft Yamaha VX700 Andrew Paddick,Dawlish Support Centre,50.597119,-3.459267,,,,,RWC-037,,RWC,Yamaha,Yamaha,VX700,
-3.459267,50.597119,16,OB02005973,Rescue Water Craft Yamaha VX700,Dawlish Support Centre,50.597119,-3.459267,,,,,RWC-038,,RWC,Yamaha,Yamaha,VX700,
-3.459267,50.597119,17,OB02005971,Rescue Water Craft Yamaha VX700,Dawlish Support Centre,50.597119,-3.459267,,,,,RWC-036,,RWC,Yamaha,Yamaha,VX700,01/04/2009
-3.041651,53.55519,18,OB02005928,A-Class IRB No Name,Formby Support Centre,53.55519,-3.041651,,,,,A-63,,A-Class,Arancia New Zealand built,AranciaNZ,MK1Lifeguard,10/05/2013
-3.041651,53.55519,19,OB02006055,A-Class IRB No Name,Formby Support Centre,53.55519,-3.041651,,,,,A-70,,A-Class,Arancia United Kingdom built,AranciaUK,MK2Lifeguard,01/08/2009
-4.959074,51.828345,20,OB02006057,A-Class IRB No Name,Haverfordwest Support Centre,51.828345,-4.959074,,,,,A-72,,A-Class,Arancia New Zealand built,AranciaNZ,MK1Lifeguard,01/01/2009
-4.959074,51.828345,21,OB02005016,A-Class IRB No Name,Haverfordwest Support Centre,51.828345,-4.959074,,,,,A-49,,A-Class,Arancia New Zealand built,AranciaNZ,MK1Lifeguard,24/04/2008
-4.959074,51.828345,22,OB02005017,A-Class IRB No Name,Haverfordwest Support Centre,51.828345,-4.959074,,,,,A-50,,A-Class,Arancia New Zealand built,AranciaNZ,MK1Lifeguard,24/04/2008
-5.406723,50.178696,23,OB02004918,A-Class IRB Amy,Hayle Support Centre,50.178696,-5.406723,,,,,A-44,,A-Class,Arancia New Zealand built,AranciaNZ,MK1Lifeguard,24/04/2008
-5.406723,50.178696,24,OB02004861,A-Class IRB Joyce,Hayle Support Centre,50.178696,-5.406723,,,,,A-46,,A-Class,Arancia New Zealand built,AranciaNZ,MK1Lifeguard,24/04/2008
-5.406723,50.178696,25,OB02012345,A-Class IRB No Name,Hayle Support Centre,50.178696,-5.406723,,,,,A-80,,A-Class,Arancia New Zealand built,AranciaNZ,MK1Lifeguard,01/03/2015
-5.406723,50.178696,26,OB02016046,Rescue Water Craft Yamaha VX1100,Hayle Support Centre,50.178696,-5.406723,,,,,RWC-089,,RWC,Yamaha,Yamaha,VX1100,14/01/2015
-5.406723,50.178696,27,OB02016048,Rescue Water Craft Yamaha VX1100,Hayle Support Centre,50.178696,-5.406723,,,,,RWC-090,,RWC,Yamaha,Yamaha,VX1100,14/01/2015
-5.406723,50.178696,28,OB02018029,Rescue Water Craft Yamaha VX1100,Hayle Support Centre,50.178696,-5.406723,,,,,RWC-112,,RWC,Yamaha,Yamaha,VX1100,10/03/2016
-5.406723,50.178696,29,OB02018030,Rescue Water Craft Yamaha VX1100,Hayle Support Centre,50.178696,-5.406723,,,,,RWC-113,,RWC,Yamaha,Yamaha,VX1100,10/03/2016
-5.406723,50.178696,30,OB02016053,Rescue Water Craft Yamaha VX1100,Hayle Support Centre,50.178696,-5.406723,,,,,RWC-095,,RWC,Yamaha,Yamaha,VX1100,14/01/2015
-2.195827,49.206005,31,OB02014055,Rescue Water Craft Yamaha VX1100,Jersey Support Centre (St Peters Hallmark House),49.206005,-2.195827,,,,,RWC-077,,RWC,Yamaha,Yamaha,VX1100,01/12/2013
-2.195827,49.206005,32,OB02014058,Rescue Water Craft Yamaha VX1100,Jersey Support Centre (St Peters Hallmark House),49.206005,-2.195827,,,,,RWC-080,,RWC,Yamaha,Yamaha,VX1100,01/12/2013
-2.195827,49.206005,33,OB02014063,Rescue Water Craft Yamaha VX1100,Jersey Support Centre (St Peters Hallmark House),49.206005,-2.195827,,,,,RWC-085,,RWC,Yamaha,Yamaha,VX1100,01/12/2013
-2.195827,49.206005,34,OB02007639,A-Class IRB No Name,Jersey Support Centre (St Peters Hallmark House),49.206005,-2.195827,,,,,A-75,,A-Class,Arancia New Zealand built,AranciaNZ,MK1Lifeguard,01/04/2011
-4.125121,51.178681,35,OB02004097,A-Class IRB Margaret Edith,Mullacott Support Centre,51.178681,-4.125121,,,,,A-41,,A-Class,Arancia New Zealand built,AranciaNZ,MK1Lifeguard,16/05/2006
-4.125121,51.178681,36,OB02005106,A-Class IRB No Name,Mullacott Support Centre,51.178681,-4.125121,,,,,A-57,,A-Class,Arancia New Zealand built,AranciaNZ,MK1Lifeguard,01/05/2010
-4.125121,51.178681,37,OB02005929,A-Class IRB No Name,Mullacott Support Centre,51.178681,-4.125121,,,,,A-64,,A-Class,Arancia New Zealand built,AranciaNZ,MK1Lifeguard,01/06/2010
-4.125121,51.178681,38,OB02004919,Rescue Water Craft Yamaha VX700,Mullacott Support Centre,51.178681,-4.125121,,,,,RWC-023,,RWC,Yamaha,Yamaha,VX700,29/02/2008
-4.125121,51.178681,39,OB02007193,Rescue Water Craft Yamaha VX700,Mullacott Support Centre,51.178681,-4.125121,,,,,RWC-072,,RWC,Yamaha,Yamaha,VX700,01/03/2012
-4.125121,51.178681,40,OB02005976,Rescue Water Craft Yamaha VX700,Mullacott Support Centre,51.178681,-4.125121,,,,,RWC-048,,RWC,Yamaha,Yamaha,VX700,01/03/2012
-5.147104,50.342906,41,OB02006593,Rescue Water Craft Yamaha VX700,Perranporth Support Centre,50.342906,-5.147104,,,,,RWC-059,,RWC,Yamaha,Yamaha,VX700,01/03/2010
-5.147104,50.342906,42,OB02006594,Rescue Water Craft Yamaha VX700,Perranporth Support Centre,50.342906,-5.147104,,,,,RWC-060,,RWC,Yamaha,Yamaha,VX700,01/03/2010
-5.147104,50.342906,43,OB02005930,A-Class IRB No Name,Perranporth Support Centre,50.342906,-5.147104,,,,,A-65,,A-Class,Arancia New Zealand built,AranciaNZ,MK1Lifeguard,01/02/2009
-5.147104,50.342906,44,OB02005105,A-Class IRB No Name,Perranporth Support Centre,50.342906,-5.147104,,,,,A-56,,A-Class,Arancia New Zealand built,AranciaNZ,MK1Lifeguard,21/05/2009
-5.147104,50.342906,45,OB02003187,A-Class IRB No Name,Perranporth Support Centre,50.342906,-5.147104,,,,,A-21,,A-Class,Arancia New Zealand built,AranciaNZ,MK1Lifeguard,01/05/2002
-5.147104,50.342906,46,OB02012346,A-Class IRB No Name,Perranporth Support Centre,50.342906,-5.147104,,,,,A-81,,A-Class,Arancia New Zealand built,AranciaNZ,MK1Lifeguard,01/04/2016
-5.147104,50.342906,47,OB02012347,A-Class IRB No Name,Perranporth Support Centre,50.342906,-5.147104,,,,,A-82,,A-Class,Arancia New Zealand built,AranciaNZ,MK1Lifeguard,01/04/2016
-5.147104,50.342906,48,OB02004096,A-Class IRB Renee and Stuart Blackburn,Perranporth Support Centre,50.342906,-5.147104,,,,,A-40,,A-Class,Arancia New Zealand built,AranciaNZ,MK1Lifeguard,16/05/2006
-5.147104,50.342906,49,OB02004860,A-Class IRB Smithy,Perranporth Support Centre,50.342906,-5.147104,,,,,A-45,,A-Class,Arancia New Zealand built,AranciaNZ,MK1Lifeguard,24/04/2008
-1.988938,50.733573,50,OB02003188,A-Class IRB No Name,Poole Support Centre,50.733573,-1.988938,,,,,A-22,,A-Class,Arancia New Zealand built,AranciaNZ,MK1Lifeguard,01/05/2002
-1.988938,50.733573,51,OB02003183,A-Class IRB No Name,Poole Support Centre,50.733573,-1.988938,,,,,A-16,,A-Class,Arancia New Zealand built,AranciaNZ,MK1Lifeguard,01/05/2002
-1.988938,50.733573,52,OB02003185,A-Class IRB No Name,Poole Support Centre,50.733573,-1.988938,,,,,A-19,,A-Class,Arancia New Zealand built,AranciaNZ,MK1Lifeguard,01/05/2002
-1.988938,50.733573,53,OB02003631,A-Class IRB No Name,Poole Support Centre,50.733573,-1.988938,,,,,A-36,,A-Class,Arancia New Zealand built,AranciaNZ,MK1Lifeguard,20/04/2005
-1.988938,50.733573,54,OB02003195,A-Class IRB No Name,Poole Support Centre,50.733573,-1.988938,,,,,A-28,,A-Class,Arancia New Zealand built,AranciaNZ,MK1Lifeguard,04/02/2003
-1.988938,50.733573,55,OB02003184,A-Class BB No Name,Poole Support Centre,50.733573,-1.988938,,,,,A-18,,A-Class,Arancia New Zealand built,AranciaNZ,MK1BB,01/05/2002
-1.988938,50.733573,56,OB02003196,A-Class BB No Name,Poole Support Centre,50.733573,-1.988938,,,,,A-29,,A-Class,Arancia New Zealand built,AranciaNZ,MK1BB,04/02/2003
-1.988938,50.733573,57,OB02007192,Rescue Water Craft Yamaha VX700,Poole Support Centre,50.733573,-1.988938,,,,,RWC-071,,RWC,Yamaha,Yamaha,VX700,01/03/2011
-1.988938,50.733573,58,OB02018031,Rescue Water Craft Yamaha VX1100,Poole Support Centre,50.733573,-1.988938,,,,,RWC-114,,RWC,Yamaha,Yamaha,VX1100,14/03/2016
-1.988938,50.733573,59,OB02018032,Rescue Water Craft Yamaha VX1100,Poole Support Centre,50.733573,-1.988938,,,,,RWC-115,,RWC,Yamaha,Yamaha,VX1100,14/03/2016
-1.988938,50.733573,60,OB02018027,Rescue Water Craft Yamaha VX1100,Poole Support Centre,50.733573,-1.988938,,,,,RWC-110,,RWC,Yamaha,Yamaha,VX1100,01/07/2016
-1.988938,50.733573,61,OB02018028,Rescue Water Craft Yamaha VX1100,Poole Support Centre,50.733573,-1.988938,,,,,RWC-111,,RWC,Yamaha,Yamaha,VX1100,10/03/2016
-1.988938,50.733573,62,OB02006595,Rescue Water Craft Yamaha Super Gee,Poole Support Centre,50.733573,-1.988938,,,,,RWC-061,,RWC,Yamaha,Yamaha,VX700,01/03/2010
1.391122,51.341302,63,OB02008862,Rescue Water Craft Yamaha VX1100,Ramsgate Support Centre,51.341302,1.391122,,,,,RWC-073,,RWC,Yamaha,Yamaha,VX1100,01/08/2012
1.391122,51.341302,64,OB02008863,Rescue Water Craft Yamaha VX1100,Ramsgate Support Centre,51.341302,1.391122,,,,,RWC-074,,RWC,Yamaha,Yamaha,VX1100,01/08/2012
1.391122,51.341302,65,OB02008864,Rescue Water Craft Yamaha VX1100,Ramsgate Support Centre,51.341302,1.391122,,,,,RWC-075,,RWC,Yamaha,Yamaha,VX1100,01/08/2012
1.391122,51.341302,66,OB02014064,Rescue Water Craft Yamaha VX700,Ramsgate Support Centre,51.341302,1.391122,,,,,RWC-086,,RWC,Yamaha,Yamaha,VX700,01/12/2013
1.391122,51.341302,67,OB02005107,A-Class IRB No Name,Ramsgate Support Centre,51.341302,1.391122,,,,,A-58,,A-Class,Arancia New Zealand built,AranciaNZ,MK1Lifeguard,28/05/2012
1.391122,51.341302,68,OB02005925,A-Class IRB No Name,Ramsgate Support Centre,51.341302,1.391122,,,,,A-60,,A-Class,Arancia New Zealand built,AranciaNZ,MK1Lifeguard,20/05/2009
-3.993572,51.64393,69,OB02003436,D-Class CT The Young Watsons,Swansea Support Centre,51.64393,-3.993572,The RNLI College,50.717231,-1.989152,,D-611,,D-Class,IB1 variant,IB1,MK2CTIB1,01/09/2003
-3.993572,51.64393,70,OB02006590,Rescue Water Craft Yamaha VX700,Swansea Support Centre,51.64393,-3.993572,,,,,RWC-055,,RWC,Yamaha,Yamaha,VX700,01/02/2010
-3.993572,51.64393,71,OB02006591,Rescue Water Craft Yamaha VX700,Swansea Support Centre,51.64393,-3.993572,,,,,RWC-056,,RWC,Yamaha,Yamaha,VX700,01/02/2010
-3.993572,51.64393,72,OB02004400,Rescue Water Craft Yamaha VX700,Swansea Support Centre,51.64393,-3.993572,,,,,RWC-000,,RWC,Yamaha,Yamaha,VX700,08/08/2006
-4.838817,50.521361,73,OB02004095,A-Class IRB Gary Manwaring,Wadebridge Support Centre,50.521361,-4.838817,,,,,A-39,,A-Class,Arancia New Zealand built,AranciaNZ,MK1Lifeguard,16/05/2006
-4.838817,50.521361,74,OB02003199,A-Class IRB No Name,Wadebridge Support Centre,50.521361,-4.838817,,,,,A-32,,A-Class,Arancia New Zealand built,AranciaNZ,MK1Lifeguard,04/02/2003
-4.838817,50.521361,75,OB02012348,A-Class IRB No Name,Wadebridge Support Centre,50.521361,-4.838817,,,,,A-83,,A-Class,Arancia New Zealand built,AranciaNZ,MK1Lifeguard,
-2.489611,50.614981,76,OB02003191,A-Class IRB Cmdr John Townrow Rnvr,Weymouth Support Centre,50.614981,-2.489611,,,,,A-25,,A-Class,Arancia New Zealand built,AranciaNZ,MK1Lifeguard,01/05/2002
-2.489611,50.614981,77,OB02012344,A-Class IRB Morris and Joyce Gibb,Weymouth Support Centre,50.614981,-2.489611,,,,,A-79,,A-Class,Arancia New Zealand built,AranciaNZ,MK1Lifeguard,01/04/2013
-2.489611,50.614981,78,OB02003701,D-Class CT Mabel Davis,Weymouth Support Centre,50.614981,-2.489611,,,,,D-640,,D-Class,IB1 variant,IB1,MK2CTIB1,15/07/2005
-3.065872,53.364711,79,OB02004933,Rescue Water Craft Yamaha VX700,Wirral Support Centre,53.364711,-3.065872,,,,,RWC-031,,RWC,Yamaha,Yamaha,VX700,05/03/2008
-3.065872,53.364711,80,OB02016059,Rescue Water Craft Yamaha VX1100,Wirral Support Centre,53.364711,-3.065872,,,,,RWC-101,,RWC,Yamaha,Yamaha,VX1100,01/12/2014
-3.065872,53.364711,81,OB02016060,Rescue Water Craft Yamaha VX1100,Wirral Support Centre,53.364711,-3.065872,,,,,RWC-102,,RWC,Yamaha,Yamaha,VX1100,01/12/2014
-3.065872,53.364711,82,OB02016061,Rescue Water Craft Yamaha VX1100,Wirral Support Centre,53.364711,-3.065872,,,,,RWC-103,,RWC,Yamaha,Yamaha,VX1100,01/12/2014
-3.065872,53.364711,83,OB02017033,Rescue Water Craft Yamaha VX700,Wirral Support Centre,53.364711,-3.065872,,,,,RWC-104,,RWC,Yamaha,Yamaha,VX700,
-7.68,54.4228,84,OB02003152,B-Class A75 Joseph and Mary Hiley,Enniskillen ILB B1 (Lower/Killadeas),54.4228,-7.68,Enniskillen ILB B1 (Lower/Killadeas),54.4228,-7.68,,B-792,,B-Class,Atlantic 75,Atlantic75,MK1Atlantic75,15/01/2003
-7.68,54.4228,85,OB02006044,Rescue Water Craft Seadoo GTX4,Enniskillen ILB R1 (Lower/Killadas),54.4228,-7.68,Enniskillen Lifeboat Station,54.4228,-7.68,,RWC-052,,RWC,Seadoo,Seadoo,GTX4,
-7.548423,54.287517,86,OB02002792,B-Class A75 Duckhams 2001,Enniskillen ILB B2 (Upper/Carrybridge),54.287517,-7.548423,,,,,B-773,,B-Class,Atlantic 75,Atlantic75,MK1Atlantic75,15/05/2001
-7.548423,54.287517,87,OB02006045,Rescue Water Craft Seadoo GTX4,Enniskillen ILB R2 (Upper/Carrybridge),54.287517,-7.548423,Enniskillen Lifeboat Station,54.4228,-7.68,,RWC-053,,RWC,Seadoo,Seadoo,GTX4,
-7.548423,54.287517,88,OB02006046,Rescue Water Craft Seadoo GTX4,Enniskillen ILB R2 (Upper/Carrybridge),54.287517,-7.548423,Enniskillen Lifeboat Station,54.4228,-7.68,,RWC-054,,RWC,Seadoo,Seadoo,GTX4,
-6.656611188999932,55.206818892000058,89,OB02002757,ON1257 Severn ALB William Gordon Burr,Portrush ALB,55.206818892,-6.65661118899995,Portrush ALB,55.206818892,-6.656611189,ON1257,17-30,232004409,Severn,Afloat Boat,AfloatBoat,MK2MTUSevern,01/06/2002
-6.656611188999932,55.206818892000058,90,OB02006702,D-Class ILB David Roulston (Civil Service 52),Portrush ILB,55.206818892,-6.65661118899995,Portrush ILB,55.206818892,-6.656611189,,D-738,235108867,D-Class,IB1 variant,IB1,MK2IB1,01/08/2010
-6.053481845999954,55.074971165000079,91,OB02002083,D-Class PUB No Name,Red Bay ALB,55.074971165,-6.05348184599995,,,,,D-500P,,D-Class,EA16 variant,EA16,MK1PublicityEA16,15/03/1996
-6.053481845999954,55.074971165000079,92,OB02002106,ON1213 Trent ALB Henry Heys Duckworth,Red Bay ALB,55.074971165,-6.05348184599995,,,,ON1213,14-15,232002380,Trent,Afloat Boat,AfloatBoat,MK1Trent,01/06/1996
-6.053481845999954,55.074971165000079,93,OB02006408,B-Class A85 Geoffrey Charles,Red Bay ILB,55.074971165,-6.05348184599995,Red Bay ILB,55.074971165,-6.053481846,,B-843,235105952,B-Class,Atlantic 85,Atlantic85,MK2SIMSAtlantic85,01/07/2010
-5.8001,54.8467,94,OB02002739,ON1246 Trent ALB Dr John McSparran,Larne ALB,54.8467,-5.80009999999995,Larne ALB,54.8467,-5.8001,ON1246,14-30,232004397,Trent,Afloat Boat,AfloatBoat,MK1Trent,30/06/2000
-5.8001,54.8467,95,OB02016855,D-Class ILB Terry,Larne ILB,54.8467,-5.80009999999995,Larne ILB,54.8467,-5.8001,,D-783,235108829,D-Class,IB1 variant,IB1,MK2IB1,23/07/2015
-5.667155451999975,54.665721007000059,96,OB02004190,B-Class A85 Jessie Hillyard,Bangor (Co Down) ILB B,54.665721007,-5.66715545199995,Bangor (Co Down) ILB B,54.665721007,-5.667155452,,B-805,235089702,B-Class,Atlantic 85,Atlantic85,MK2SIMSAtlantic85,04/10/2006
-5.532000173999961,54.643425808000075,97,OB02002969,ON1267 Trent ALB Saxon,Donaghadee ALB,54.643425808,-5.53200017399995,Donaghadee ALB,54.643425808,-5.532000174,ON1267,14-36,235007808,Trent,Afloat Boat,AfloatBoat,MK1Trent,30/04/2003
-5.549382459999947,54.381029570000067,98,OB02006048,B-Class A85 Blue Peter V,Portaferry ILB B,54.38102957,-5.54938245999995,Portaferry ILB B,54.38102957,-5.54938246,,B-833,235095912,B-Class,Atlantic 85,Atlantic85,MK1Atlantic85,07/07/2009
-5.887133680999966,54.198053308000055,99,OB02002213,ON1188 Mersey ALB Eleanor and Bryant Girling,Newcastle (Co Down) ALB,54.198053308,-5.88713368099995,Newcastle (Co Down) ALB,54.198053308,-5.887133681,ON1188,12-29,232003206,Mersey,Slipway Boat,SlipwayBoat,MK1FRCMersey,30/06/1992
-5.887133680999966,54.198053308000055,100,OB02004937,D-Class ILB The Pat,Newcastle (Co Down) ILB D,54.198053308,-5.88713368099995,,,,,D-695,,D-Class,IB1 variant,IB1,MK2IB1,01/02/2008
-5.989645095999947,54.058654435000051,101,OB02004233,B-Class A85 Frank William Walton,Kilkeel ILB B,54.058654435,-5.98964509599995,Kilkeel ILB B,54.058654435,-5.989645096,,B-812,235090694,B-Class,Atlantic 85,Atlantic85,MK1Atlantic85,28/11/2006
-4.767972181999937,54.085135706000074,102,OB02004234,B-Class A85 Muriel and Leslie,Port Erin ILB B,54.085135706,-4.76797218199995,Port Erin ILB B,54.085135706,-4.767972182,,B-813,235092931,B-Class,Atlantic 85,Atlantic85,MK2SIMSAtlantic85,31/10/2006
-4.698014072999968,54.227063527000041,103,OB02002174,ON1181 Mersey ALB Ruby Clery,Peel ALB,54.227063527,-4.69801407299995,Peel ALB,54.227063527,-4.698014073,ON1181,12-22,232002727,Mersey,Carriage Boat,CarriageBoat,MK1FRCMersey,01/01/1992
-4.378388170999926,54.322625790000075,104,OB02002131,ON1171 Mersey ALB Ann and James Ritchie,Ramsey ALB,54.32262579,-4.37838817099995,Ramsey ALB,54.32262579,-4.378388171,ON1171,12-14,232002210,Mersey,Carriage Boat,CarriageBoat,MK1FRCMersey,01/01/1991
-4.469598177999956,54.144952601000057,105,OB02002057,ON1147 Tyne ALB Sir William Hillary,Douglas ALB,54.144952601,-4.46959817799995,Douglas ALB,54.144952601,-4.469598178,ON1147,47-032,232003310,Tyne,Slipway Boat,SlipwayBoat,MK1Tyne,01/01/1988
-4.734509049999929,54.070465815000034,106,OB02002192,ON1234 Trent ALB Gough Ritchie II,Port St Mary ALB,54.070465815,-4.73450904999995,Port St Mary ALB,54.070465815,-4.73450905,ON1234,14-26,232003132,Trent,Afloat Boat,AfloatBoat,MK1Trent,30/06/1998
-4.734509049999929,54.070465815000034,107,OB02006705,D-Class ILB Spirit of Leicester,Port St Mary ILB D,54.070465815,-4.73450904999995,Port St Mary ILB D,54.070465815,-4.73450905,,D-742,235108838,D-Class,IB1 variant,IB1,MK2IB1,01/10/2010
-3.1827,53.3659,108,OB02010341,D-Class ILB Seahorse,West Kirby ILB D,53.3659,-3.18269999999995,West Kirby ILB D,53.3659,-3.1827,,D-751,235096971,D-Class,IB1 variant,IB1,MK2IB1,11/06/2012
-3.177598469999964,53.399302056000067,109,OB02026449,ON1313 Shannon ALB Edmund Hawthorn Micklewood,Hoylake ALB,53.399302056,-3.17759846999995,Hoylake ALB,53.399302056,-3.17759847,ON1313,13-06,235106573,Shannon,Carriage Boat,CarriageBoat,MK1Shannon,01/01/2016
-3.047264,53.439459,110,OB02006221,B-Class A85 Charles Dibdin (Civil Service 51),New Brighton ILB B,53.439459,-3.047264,New Brighton ILB B,53.439459,-3.047264,,B-837,235108089,B-Class,Atlantic 85,Atlantic85,MK2SIMSAtlantic85,10/11/2009
-3.032688715999939,53.746724069000038,111,OB02002173,ON1189 Mersey ALB Her Majesty The Queen,Lytham St Annes ALB,53.746724069,-3.03268871599995,Lytham St Annes ALB,53.746724069,-3.032688716,ON1189,12-30,232002574,Mersey,Carriage Boat,CarriageBoat,MK1FRCMersey,30/06/1992
-3.032688715999939,53.746724069000038,112,OB02023344,D-Class ILB Moam,Lytham St Annes ILB D,53.746724069,-3.03268871599995,Lytham St Annes ILB D,53.746724069,-3.032688716,,D-800,,D-Class,IB1 variant,IB1,MK2IB1,12/09/2016
-3.0561,53.8133,113,OB02012488,B-Class A85 William and Eleanor,Blackpool ILB B,53.8133,-3.05609999999995,Blackpool ILB B,53.8133,-3.0561,,B-867,235097644,B-Class,Atlantic 85,Atlantic85,MK1Atlantic85,22/04/2013
-3.0561,53.8133,114,OB02006569,D-Class ILB Basil Eric Brooks,Blackpool ILB D,53.8133,-3.05609999999995,Blackpool ILB D,53.8133,-3.0561,,D-732,235102869,D-Class,IB1 variant,IB1,MK2IB1,24/02/2010
-3.0561,53.8133,115,OB02006405,D-Class ILB Eileen Mary George,Blackpool ILB D,53.8133,-3.05609999999995,Blackpool ILB D,53.8133,-3.0561,,D-729,235102861,D-Class,IB1 variant,IB1,MK2IB1,12/12/2009
-3.006441748999976,53.927750562000028,116,OB02002169,ON1186 Mersey ALB Pride and Spirit,Fleetwood Lifeboat Station,53.927750562,-3.00644174899995,,,,ON1186,12-27,232002729,Mersey,Carriage Boat,CarriageBoat,MK1FRCMersey,30/06/1992
-3.006441748999976,53.927750562000028,117,OB02000833,ON1321 Shannon ALB Kenneth James Pierpoint,Fleetwood ALB,53.927750562,-3.00644174899995,Fleetwood ALB,53.927750562,-3.006441749,ON1321,13-14,235109051,Shannon,Afloat Boat,AfloatBoat,MK1Shannon,01/01/2016
-3.006441748999976,53.927750562000028,118,OB02006280,D-Class ILB Mary Elizabeth Barnes,Fleetwood ILB D,53.927750562,-3.00644174899995,Fleetwood ILB D,53.927750562,-3.006441749,,D-719,235096959,D-Class,IB1 variant,IB1,MK2IB1,14/10/2009
-2.8636,54.0751,119,OB02006316,D-Class ILB Margaret Mary Timpany,Morecambe ILB D,54.0751,-2.86359999999995,Morecambe ILB D,54.0751,-2.8636,,D-722,235096963,D-Class,IB1 variant,IB1,MK2IB1,01/10/2009
-2.8636,54.0751,120,OB02003453,Hovercraft IRH The Hurley Flyer,Morecambe ILB H,54.0751,-2.86359999999995,Morecambe ILB H,54.0751,-2.8636,,H-002,,Hovercraft,Griffon,Griffon,MK1470SAR,01/10/2002
-3.173292051999965,54.07240588600007,121,OB02004338,ON1288 Tamar ALB Grace Dixon,Barrow ALB,54.072405886,-3.17329205199995,Barrow ALB,54.072405886,-3.173292052,ON1288,16-08,235050564,Tamar,Slipway Boat,SlipwayBoat,MK1Tamar,20/08/2007
-3.173292051999965,54.07240588600007,122,OB02006697,D-Class ILB Vision of Tamworth,Barrow ILB D,54.072405886,-3.17329205199995,Barrow ILB D,54.072405886,-3.173292052,,D-733,235108869,D-Class,IB1 variant,IB1,MK2IB1,01/09/2010
-3.6065,54.491,123,OB02005005,B-Class A85 Joy Morris MBE,St Bees ILB B,54.491,-3.60649999999995,St Bees ILB B,54.491,-3.6065,,B-831,235091469,B-Class,Atlantic 85,Atlantic85,MK1Atlantic85,01/03/2009
-3.567659982999942,54.650894359000063,124,OB02001083,ON1326 Shannon ALB Dorothy May White,Workington ALB,54.650894359,-3.56765998299995,,,,ON1326,13-19,235109062,Shannon,Afloat Boat,AfloatBoat,MK1Shannon,01/01/2016
-3.567659982999942,54.650894359000063,125,OB02014020,D-Class ILB John F Mortimer,Workington ILB D,54.650894359,-3.56765998299995,Workington ILB D,54.650894359,-3.567659983,,D-767,235102822,D-Class,IB1 variant,IB1,MK2IB1,17/04/2014
-3.393223476999935,54.870050741000057,126,OB02005002,B-Class A85 Elaine and Don Wilkinson,Silloth ILB B,54.870050741,-3.39322347699995,Silloth ILB B,54.870050741,-3.393223477,,B-828,235098755,B-Class,Atlantic 85,Atlantic85,MK1Atlantic85,01/10/2008
-3.8135,54.8765,127,OB02006315,D-Class ILB Catherine,Kippford ILB D,54.8765,-3.81349999999995,Kippford ILB D,54.8765,-3.8135,,D-718,235096957,D-Class,IB1 variant,IB1,MK2IB1,01/10/2009
-4.04750680899997,54.839626312000064,128,OB02004324,B-Class A85 Sheila Stenhouse,Kirkcudbright ILB B,54.8396263122559,-4.04750680923462,Kirkcudbright ILB B,54.839626312,-4.0475068092,,B-814,235092932,B-Class,Atlantic 85,Atlantic85,MK1Atlantic85,12/12/2006
-5.119849329999965,54.841949070000055,129,OB02003695,ON1280 Tamar ALB Peter and Lesley-Jane Nicholson,Portpatrick ALB,54.84194907,-5.11984932999995,,,,ON1280,16-01,235014281,Tamar,Afloat Boat,AfloatBoat,MK1Tamar,14/03/2005
-5.035224306999964,54.90813858100006,130,OB02004939,D-Class ILB Stranraer Saviour Civil Service 49,Stranraer ILB D,54.908138581,-5.03522430699995,Stranraer ILB D,54.908138581,-5.035224307,,D-697,235096945,D-Class,IB1 variant,IB1,MK2IB1,05/06/2008
-4.857623253999975,55.243381576000047,131,OB02002139,ON1196 Mersey ALB Silvia Burrell,Girvan ALB,55.243381576,-4.85762325399995,Girvan ALB,55.243381576,-4.857623254,ON1196,12-37,232002310,Mersey,Afloat Boat,AfloatBoat,MK1FRCMersey,30/06/1993
-5.601867729999981,55.425198872000067,132,OB02002115,ON1241 Severn ALB Ernest and Mary Shaw,Campbeltown ALB,55.425198872,-5.60186772999995,Campbeltown ALB,55.425198872,-5.60186773,ON1241,17-19,232003139,Severn,Afloat Boat,AfloatBoat,MK1CATSevern,30/06/1998
-5.601867729999981,55.425198872000067,133,OB02006701,D-Class ILB Alastair Greenlees,Campbeltown ILB D,55.425198872,-5.60186772999995,Campbeltown ILB D,55.425198872,-5.60186773,,D-737,235108852,D-Class,IB1 variant,IB1,MK2IB1,01/07/2010
-5.124792801999945,55.535229375000029,134,OB02012711,B-Class A85 Rachel Hedderwick,Arran (Lamlash) ILB B,55.535229375,-5.12479280199995,Arran (Lamlash) ILB B,55.535229375,-5.124792802,,B-876,235105712,B-Class,Atlantic 85,Atlantic85,MK2SIMSAtlantic85,01/07/2014
-4.6814,55.5481,135,OB02003224,ON1275 Trent ALB Jim Moffat,Troon ALB,55.5481,-4.68139999999995,Troon ALB,55.5481,-4.6814,ON1275,14-38,,Trent,Afloat Boat,AfloatBoat,MK1Trent,25/02/2004
-4.6814,55.5481,136,OB02004805,D-Class ILB Telford Shopping Centre,Troon ILB D,55.5481,-4.68139999999995,Troon ILB D,55.5481,-4.6814,,D-684,235101091,D-Class,IB1 variant,IB1,MK2IB1,19/12/2007
-6.104799575999948,55.847496,137,OB02002111,ON1219 Severn ALB Helmut Schroder of Dunlossit II,Islay ALB,55.847496,-6.10479957599995,Islay ALB,55.847496,-6.104799576,ON1219,17-08,232002470,Severn,Afloat Boat,AfloatBoat,MK2MTUSevern,30/06/1997
-4.870526083999948,55.800010219000058,138,OB02007403,B-Class A85 R A Wilson,Largs ILB B,55.800010219,-4.87052608399995,Largs ILB B,55.800010219,-4.870526084,,B-854,235089704,B-Class,Atlantic 85,Atlantic85,MK2SIMSAtlantic85,04/11/2011
-4.773400385999935,56.013128533000042,139,OB02003151,B-Class A75 Gladys Winifred Tiffney,Helensburgh ILB B,56.013128533,-4.77340038599995,Helensburgh ILB B,56.013128533,-4.773400386,,B-791,235102682,B-Class,Atlantic 75,Atlantic75,MK1Atlantic75,12/02/2002
-5.232636793999973,55.906743427000038,140,OB02010338,B-Class A85 James and Helen Mason,Tighnabruaich ILB B,55.906743427,-5.23263679399995,Tighnabruaich ILB B,55.906743427,-5.232636794,,B-862,235092938,B-Class,Atlantic 85,Atlantic85,MK1Atlantic85,04/07/2012
-5.479591703999972,56.41107188400008,141,OB02002149,ON1227 Trent ALB Mora Edith Macdonald,Oban ALB,56.411071884,-5.47959170399995,Oban ALB,56.411071884,-5.479591704,ON1227,14-23,232002584,Trent,Afloat Boat,AfloatBoat,MK1Trent,30/06/1997
-6.064304462999928,56.623206044000028,142,OB02002972,ON1270 Severn ALB Elizabeth Fairlie Ramsay,Tobermory ALB,56.623206044,-6.06430446299995,Tobermory ALB,56.623206044,-6.064304463,ON1270,17-39,235007798,Severn,Afloat Boat,AfloatBoat,MK2MTUSevern,28/07/2003
-5.8287,57.006,143,OB02002753,ON1250 Severn ALB Henry Alston Hewat,Mallaig ALB,57.006,-5.8287,Mallaig ALB,57.006,-5.8287,ON1250,17-26,232004402,Severn,Afloat Boat,AfloatBoat,MK2MTUSevern,30/01/2001
-7.487128663999954,56.954109894000055,144,OB02002189,ON1230 Severn ALB Edna Windsor,Barra Island ALB,56.954109894,-7.48712866399995,Barra Island ALB,56.954109894,-7.487128664,ON1230,17-12,232003050,Severn,Afloat Boat,AfloatBoat,MK1CATSevern,30/06/1998
-5.714594910999949,57.280223988000046,145,OB02007405,B-Class A85 Spirit of Fred Olsen,Kyle of Lochalsh ILB B,57.280223988,-5.71459491099995,Kyle of Lochalsh ILB B,57.280223988,-5.714594911,,B-856,235089706,B-Class,Atlantic 85,Atlantic85,MK1Atlantic85,15/12/2011
-6.189909150999938,57.410714368000072,146,OB02002117,ON1214 Trent ALB Stanley Watson Barker,Portree ALB,57.410714368,-6.18990915099995,Portree ALB,57.410714368,-6.189909151,ON1214,14-16,232002390,Trent,Afloat Boat,AfloatBoat,MK1Trent,30/06/1996
-7.024840662999964,57.767643531000033,147,OB02002230,ON1195 Mersey ALB The Royal Thames,Leverburgh ALB,57.767643531,-7.02484066299995,Leverburgh ALB,57.767643531,-7.024840663,ON1195,12-36,232002190,Mersey,Afloat Boat,AfloatBoat,MK1FRCMersey,30/06/1993
-6.38917135,58.210038876000056,148,OB02002172,ON1238 Severn ALB Tom Sanderson,Stornoway ALB,58.210038876,-6.38917134999995,Stornoway ALB,58.210038876,-6.38917135,ON1238,17-18,232003136,Severn,Afloat Boat,AfloatBoat,MK2MTUSevern,30/06/1998
-5.247701366999934,58.146891353000058,149,OB02002973,ON1271 Severn ALB Julian and Margaret Leonard,Lochinver ALB,58.146891353,-5.24770136699995,Lochinver ALB,58.146891353,-5.247701367,ON1271,17-40,235007797,Severn,Afloat Boat,AfloatBoat,MK2MTUSevern,05/10/2003
-3.546979762999968,58.612120666000067,150,OB02002975,ON1273 Severn ALB The Taylors,Thurso ALB,58.612120666,-3.54697976299995,Thurso ALB,58.612120666,-3.546979763,ON1273,17-42,235007795,Severn,Afloat Boat,AfloatBoat,MK1CATSevern,07/04/2004
-3.206880878999925,58.800575701000071,151,OB02003817,ON1284 Tamar ALB Helen Comrie,Longhope ALB,58.800575701,-3.20688087899995,Longhope ALB,58.800575701,-3.206880879,ON1284,16-05,235030387,Tamar,Afloat Boat,AfloatBoat,MK1Tamar,14/10/2006
-3.297689914999978,58.963336945000037,152,OB02002197,ON1236 Severn ALB Violet Dorothy and Kathleen,Stromness ALB,58.9633369445801,-3.29768991470337,Stromness ALB,58.963336945,-3.2976899147,ON1236,17-16,232003134,Severn,Afloat Boat,AfloatBoat,MK2MTUSevern,30/06/1998
-1.375200231999941,60.286308828000074,153,OB02002733,ON1260 Severn ALB Roger and Joy Freeman,Aith ALB,60.286308828,-1.37520023199995,,,,ON1260,17-31,235005115,Severn,Afloat Boat,AfloatBoat,MK2MTUSevern,01/10/2002
-1.140219956999942,60.153286647000073,154,OB02002078,ON1221 Severn ALB Michael and Jane Vernon,Lerwick ALB,60.153286647,-1.14021995699995,Lerwick ALB,60.153286647,-1.140219957,ON1221,17-10,232002490,Severn,Afloat Boat,AfloatBoat,MK2MTUSevern,30/06/1997
-2.960315255999944,58.985404662000064,155,OB02002215,ON1231 Severn ALB Margaret Foster,Kirkwall ALB,58.985404662,-2.96031525599995,Kirkwall ALB,58.985404662,-2.960315256,ON1231,17-13,232003051,Severn,Afloat Boat,AfloatBoat,MK2MTUSevern,30/06/1998
-3.082953398999962,58.439336508000054,156,OB02002158,ON1224 Trent ALB Roy Barker II,Wick ALB,58.439336508,-3.08295339899995,Wick ALB,58.439336508,-3.082953399,ON1224,14-20,232002183,Trent,Afloat Boat,AfloatBoat,MK1Trent,30/06/1996
-4.167407225999966,57.686543953000069,157,OB02002088,ON1206 Trent ALB Douglas Aikman Smith,Invergordon ALB,57.686543953,-4.16740722599995,Invergordon ALB,57.686543953,-4.167407226,ON1206,14-08,232001970,Trent,Afloat Boat,AfloatBoat,MK1Trent,30/06/1995
-4.234653789999925,57.500991070000055,158,OB02012704,B-Class A85 Robert and Isobel Mowat,Kessock ILB B,57.50099107,-4.23465378999995,Kessock ILB B,57.50099107,-4.23465379,,B-873,235101865,B-Class,Atlantic 85,Atlantic85,MK1Atlantic85,01/01/2013
-4.444432279999944,57.336744920000058,159,OB02002747,B-Class A75 Colin James Daniel,Loch Ness ILB B,57.33674492,-4.44443227999995,Loch Ness ILB B,57.33674492,-4.44443228,,B-763,,B-Class,Atlantic 75,Atlantic75,MK1Atlantic75,01/02/2000
-2.952715635999937,57.680841383000029,160,OB02002970,ON1268 Severn ALB William Blannin,Buckie ALB,57.680841383,-2.95271563599995,Buckie ALB,57.680841383,-2.952715636,ON1268,17-37,236007809,Severn,Afloat Boat,AfloatBoat,MK1CATSevern,28/05/2003
-2.49427239299996,57.672697405000065,161,OB02004102,B-Class A85 Lydia Macdonald,Macduff ILB B,57.672697405,-2.49427239299995,Macduff ILB B,57.672697405,-2.494272393,,B-804,235101861,B-Class,Atlantic 85,Atlantic85,MK2SIMSAtlantic85,19/05/2006
-2.002823983999974,57.693571060000068,162,OB02002732,ON1259 Trent ALB Willie and May Gall,Fraserburgh ALB,57.69357106,-2.00282398399995,Fraserburgh ALB,57.69357106,-2.002823984,ON1259,14-34,235005113,Trent,Afloat Boat,AfloatBoat,MK1Trent,18/05/2002
-1.774634314999957,57.503041869000072,163,OB02003815,ON1282 Tamar ALB The Misses Robertson of Kintail,Peterhead ALB,57.503041869,-1.77463431499995,Peterhead ALB,57.503041869,-1.774634315,ON1282,16-03,235030389,Tamar,Afloat Boat,AfloatBoat,MK1Tamar,07/04/2006
-2.080430700999955,57.144039124000074,164,OB02002740,ON1248 Severn ALB Bon Accord,Aberdeen ALB,57.144039124,-2.08043070099995,Aberdeen ALB,57.144039124,-2.080430701,ON1248,17-24,232004399,Severn,Afloat Boat,AfloatBoat,MK2MTUSevern,30/06/2000
-2.080430700999955,57.144039124000074,165,OB02004936,D-Class ILB James Bissett Simpson,Aberdeen ILB D,57.144039124,-2.08043070099995,Aberdeen ILB D,57.144039124,-2.080430701,,D-694,235102986,D-Class,IB1 variant,IB1,MK2IB1,21/10/2009
-2.201313223999932,56.960638257000028,166,OB02002748,B-Class A75 Jack and Joyce Burcombe,Stonehaven ILB B,56.960638257,-2.20131322399995,,,,,B-762,,B-Class,Atlantic 75,Atlantic75,MK1Atlantic75,15/03/2000
-2.463907850999931,56.703663388000052,167,OB02026518,ON1317 Shannon ALB Ian Grant Smith,Montrose ALB,56.703663388,-2.46390785099995,Montrose ALB,56.703663388,-2.463907851,ON1317,13-10,235106578,Shannon,Afloat Boat,AfloatBoat,MK1Shannon,01/01/2016
-2.463907850999931,56.703663388000052,168,OB02012708,D-Class ILB Nigel A Kennedy,Montrose ILB D,56.703663388,-2.46390785099995,Montrose ILB D,56.703663388,-2.463907851,,D-764,235102026,D-Class,IB1 variant,IB1,MK2IB1,02/12/2013
-2.584826646999943,56.55526661600004,169,OB02012577,D-Class ILB Robert Fergusson,Arbroath ILB D,56.555266616,-2.58482664699995,Arbroath ILB D,56.555266616,-2.584826647,,D-759,235099414,D-Class,IB1 variant,IB1,MK2IB1,05/07/2013
-2.8774,56.465,170,OB02002759,ON1252 Trent ALB Elizabeth of Glamis,Broughty Ferry ALB,56.465,-2.87739999999995,Broughty Ferry ALB,56.465,-2.8774,ON1252,14-31,232004404,Trent,Afloat Boat,AfloatBoat,MK1Trent,14/04/2001
-2.8774,56.465,171,OB02006703,D-Class ILB Ole Schroder,Broughty Ferry ILB D,56.465,-2.87739999999995,,,,,D-740,235096976,D-Class,IB1 variant,IB1,MK2IB1,22/02/2016
-2.697317617999943,56.221519597000054,172,OB02002122,ON1174 Mersey ALB Kingdom of Fife,Anstruther ALB,56.221519597,-2.69731761799995,Anstruther ALB,56.221519597,-2.697317618,ON1174,12-17,232002250,Mersey,Carriage Boat,CarriageBoat,MK1FRCMersey,01/08/1991
-2.697317617999943,56.221519597000054,173,OB02023534,D-Class ILB AKIRA,Anstruther ILB D,56.221519597,-2.69731761799995,Anstruther Lifeboat Station,56.221519597,-2.697317618,,D-802,,D-Class,IB1 variant,IB1,MK2IB1,12/10/2016
-3.173953912999934,56.068548113000077,174,OB02006220,B-Class A85 Tommy Niven,Kinghorn ILB B,56.068548113,-3.17395391299995,Kinghorn ILB B,56.068548113,-3.173953913,,B-836,235105951,B-Class,Atlantic 85,Atlantic85,MK2SIMSAtlantic85,20/10/2009
-3.3852,55.9906,175,OB02007175,B-Class A85 Jimmie Cairncross,Queensferry ILB B,55.9906,-3.38519999999995,Queensferry ILB B,55.9906,-3.3852,,B-851,235087721,B-Class,Atlantic 85,Atlantic85,MK2SIMSAtlantic85,04/09/2012
-2.717633532999969,56.060237294000046,176,OB02012541,D-Class ILB Eveyln M,North Berwick ILB D,56.060237294,-2.71763353299995,North Berwick ILB D,56.060237294,-2.717633533,,D-758,235098963,D-Class,IB1 variant,IB1,MK2IB1,02/05/2013
-2.51490935299995,56.00504316200005,177,OB02002968,ON1266 Trent ALB John Neville Taylor,Dunbar ALB,56.005043162,-2.51490935299995,Dunbar ALB,56.005043162,-2.514909353,ON1266,14-35,235005114,Trent,Afloat Boat,AfloatBoat,MK1Trent,19/11/2002
-2.086114882999937,55.872177124000075,178,OB02002181,ON1209 Trent ALB Barclaycard Crusader,Eyemouth ALB,55.8721771240234,-2.08611488342285,Eyemouth ALB,55.872177124,-2.0861148834,ON1209,14-11,232002350,Trent,Afloat Boat,AfloatBoat,MK1Trent,30/06/1995
-2.086114882999937,55.872177124000075,179,OB02007406,D-Class ILB Myway,Eyemouth ILB D,55.8721771240234,-2.08611488342285,,,,,D-745,235090928,D-Class,IB1 variant,IB1,MK2IB1,01/08/2011
-2.000278441999967,55.760970935000046,180,OB02002228,ON1191 Mersey ALB Joy and Charles Beeby,Berwick-Upon-Tweed ALB,55.760970935,-2.00027844199995,Berwick-Upon-Tweed ALB,55.760970935,-2.000278442,ON1191,12-32,232002575,Mersey,Slipway Boat,SlipwayBoat,MK1FRCMersey,30/06/1992
-2.000278441999967,55.760970935000046,181,OB02016457,D-Class ILB Vi and Charles Hogbin,Berwick-Upon-Tweed ILB D,55.760970935,-2.00027844199995,Berwick-Upon-Tweed ILB D,55.760970935,-2.000278442,,D-777,235107685,D-Class,IB1 variant,IB1,MK2IB1,23/12/2014
-1.6539,55.5829,182,OB02002135,ON1173 Mersey ALB Grace Darling,Seahouses ALB,55.5829,-1.65389999999995,Seahouses ALB,55.5829,-1.6539,ON1173,12-16,232002240,Mersey,Carriage Boat,CarriageBoat,MK1FRCMersey,01/01/1991
-1.6539,55.5829,183,OB02004806,D-Class ILB Peter Downes,Seahouses ILB D,55.5829,-1.65389999999995,Seahouses ILB D,55.5829,-1.6539,,D-686,235102933,D-Class,IB1 variant,IB1,MK2IB1,29/11/2007
-1.594139505999976,55.472629986000072,184,OB02005114,D-Class ILB Joseph Hughes,Craster ILB D,55.472629986,-1.59413950599995,Craster ILB D,55.472629986,-1.594139506,,D-703,235096949,D-Class,IB1 variant,IB1,MK2IB1,01/09/2008
-1.5816,55.3364,185,OB02001058,ON1323 Shannon ALB Elizabeth and Leonard,Amble ALB,55.3364,-1.58159999999995,Amble ALB,55.3364,-1.5816,ON1323,13-16,235109054,Shannon,Carriage Boat,CarriageBoat,MK1Shannon,01/01/2016
-1.5816,55.3364,186,OB02006700,D-Class ILB Mildred Holcroft,Amble ILB D,55.3364,-1.58159999999995,Amble ILB D,55.3364,-1.5816,,D-736,235108854,D-Class,IB1 variant,IB1,MK2IB1,07/05/2012
-1.5066,55.1859,187,OB02010340,B-Class A85 Richard Wake Burdon,Newbiggin ILB B,55.1859,-1.50659999999995,Newbiggin ILB B,55.1859,-1.5066,,B-864,235095307,B-Class,Atlantic 85,Atlantic85,MK1Atlantic85,18/09/2012
-1.498049020999929,55.125591278000059,188,OB02002958,B-Class A75 Vic and Billie Whiffen,Blyth ILB B,55.1255912780762,-1.49804902076721,,,,,B-776,,B-Class,Atlantic 75,Atlantic75,MK1Atlantic75,01/08/2001
-1.498049020999929,55.125591278000059,189,OB02007407,D-Class ILB Alan and Amy,Blyth ILB D,55.1255912780762,-1.49804902076721,Blyth ILB D,55.125591278,-1.4980490208,,D-746,235096961,D-Class,IB1 variant,IB1,MK2IB1,29/11/2012
-1.432090663999929,55.03551996300007,190,OB02004232,B-Class A85 Hylton Burdon,Cullercoats ILB B,55.035519963,-1.43209066399995,Cullercoats ILB B,55.035519963,-1.432090664,,B-811,235106994,B-Class,Atlantic 85,Atlantic85,MK2SIMSAtlantic85,01/12/2006
-1.432921673999942,55.009111693000079,191,OB02002126,D-Class BB Holme Team IV,Tynemouth Lifeboat Station,55.009111693,-1.43292167399995,,,,,BB-544,,D-Class,EA16 variant,EA16,MK1BBEA16,01/08/1997
-1.432921673999942,55.009111693000079,192,OB02002127,ON1242 Severn ALB Spirit of Northumberland,Tynemouth ALB,55.009111693,-1.43292167399995,Tynemouth ALB,55.009111693,-1.432921674,ON1242,17-20,232003140,Severn,Afloat Boat,AfloatBoat,MK2MTUSevern,30/06/1998
-1.432921673999942,55.009111693000079,193,OB02004935,D-Class ILB Mark Noble,Tynemouth ILB D,55.009111693,-1.43292167399995,,,,,D-693,235102874,D-Class,IB1 variant,IB1,MK2IB1,01/02/2008
-1.367461034999963,54.919939900000031,194,OB02004408,B-Class A85 Wolseley,Sunderland ILB B,54.9199399,-1.36746103499995,Sunderland ILB B,54.9199399,-1.367461035,,B-817,,B-Class,Atlantic 85,Atlantic85,MK2SIMSAtlantic85,17/05/2007
-1.367461034999963,54.919939900000031,195,OB02007408,D-Class ILB Myjo,Sunderland ILB D,54.9199399,-1.36746103499995,,,,,D-747,235096967,D-Class,IB1 variant,IB1,MK2IB1,03/06/2014
-1.190959766999924,54.694837765000045,196,OB02003220,ON1274 Trent ALB Betty Huntbatch,Hartlepool ALB,54.694837765,-1.19095976699995,Hartlepool ALB,54.694837765,-1.190959767,ON1274,14-37,235010879,Trent,Afloat Boat,AfloatBoat,MK1Trent,17/09/2003
-1.190959766999924,54.694837765000045,197,OB02016042,B-Class A85 Solihull,Hartlepool ILB B,54.694837765,-1.19095976699995,Hartlepool ILB B,54.694837765,-1.190959767,,B-881,235108071,B-Class,Atlantic 85,Atlantic85,MK2SIMSAtlantic85,01/12/2014
-1.063666608999938,54.618586876000052,198,OB02012366,B-Class A85 Malcolm and Mona Bennett-Williams,Redcar ILB B,54.618586876,-1.06366660899995,,,,,B-865,235096759,B-Class,Atlantic 85,Atlantic85,MK1Atlantic85,18/12/2012
-1.063666608999938,54.618586876000052,199,OB02016858,D-Class ILB Eileen May Loach-Thomas,Redcar ILB D,54.618586876,-1.06366660899995,,,,,D-786,235108989,D-Class,IB1 variant,IB1,MK2IB1,
-0.791727453999954,54.559757172000047,200,OB02024639,B-Class A85 Sheila and Dennis Tongue III,Staithes & Runswick ILB B,54.559757172,-0.791727453999952,,,,,B-897,,B-Class,Atlantic 85,Atlantic85,MK2SIMSAtlantic85,09/01/2017
-0.613084887999946,54.488180451000062,201,OB02002114,ON1212 Trent ALB George and Mary Webb,Whitby ALB,54.488180451,-0.613084887999952,Whitby ALB,54.488180451,-0.613084888,ON1212,14-14,232002370,Trent,Afloat Boat,AfloatBoat,MK1Trent,30/06/1995
-0.613084887999946,54.488180451000062,202,OB02004407,D-Class ILB OEM Stone III,Whitby ILB D,54.488180451,-0.613084887999952,Whitby ILB D,54.488180451,-0.613084888,,D-674,235096935,D-Class,IB1 variant,IB1,MK2IB1,15/05/2007
-0.393126723999956,54.283454610000035,203,OB02001055,ON1322 Shannon ALB Frederick William Plaxton,Scarborough ALB,54.28345461,-0.393126723999952,Scarborough ALB,54.28345461,-0.393126724,ON1322,13-15,235109052,Shannon,Carriage Boat,CarriageBoat,MK1Shannon,01/01/2016
-0.393126723999956,54.283454610000035,204,OB02006317,D-Class ILB John Wesley Hillard III,Scarborough ILB D,54.28345461,-0.393126723999952,Scarborough ILB D,54.28345461,-0.393126724,,D-724,235102871,D-Class,IB1 variant,IB1,MK2IB1,01/11/2009
-0.283378295999967,54.211306433000061,205,OB02002120,ON1170 Mersey ALB Keep Fit Association,Filey ALB,54.211306433,-0.283378295999952,Filey ALB,54.211306433,-0.283378296,ON1170,12-13,232004395,Mersey,Carriage Boat,CarriageBoat,MK1FRCMersey,01/01/1991
-0.283378295999967,54.211306433000061,206,OB02006404,D-Class ILB Braund,Filey ILB D,54.211306433,-0.283378295999952,Filey ILB D,54.211306433,-0.283378296,,D-728,235102862,D-Class,IB1 variant,IB1,MK2IB1,13/02/2014
-0.118986898999935,54.104723601000046,207,OB02004613,B-Class A85 Elizabeth Jane Palmer,Flamborough ILB B,54.104723601,-0.118986898999952,Flamborough ILB B,54.104723601,-0.118986899,,B-820,235095911,B-Class,Atlantic 85,Atlantic85,MK1Atlantic85,09/08/2007
-0.199732765999954,54.076464225000052,208,OB02002067,ON1169 Mersey ALB Marine Engineer,Bridlington ALB,54.076464225,-0.199732765999952,Bridlington ALB,54.076464225,-0.199732766,ON1169,12-12,232003625,Mersey,Carriage Boat,CarriageBoat,MK1ALALMersey,01/01/1991
0.040723640000067,53.726104306000082,209,OB02005112,D-Class ILB Henley Eight,Withernsea ILB D,53.726104306,0.040723640000048,Withernsea ILB D,53.726104306,0.04072364,,D-701,235096947,D-Class,IB1 variant,IB1,MK2IB1,01/06/2008
0.1107,53.5764,210,OB02002971,ON1269 Severn ALB Daniel L Gibson,Humber ALB,53.5764,0.110700000000048,,,,ON1269,17-38,235007799,Severn,Afloat Boat,AfloatBoat,MK2MTUSevern,13/07/2003
0.1107,53.5764,211,OB02003121,B-Class A75 Dorothy and Kathrine Barr II,Humber ALB,53.5764,0.110700000000048,,,,,B-783,,B-Class,Atlantic 75,Atlantic75,MK1Atlantic75,30/11/2006
-0.023211422999964,53.55687998500008,212,OB02010346,D-Class ILB James Burgess II,Cleethorpes ILB D,53.556879985,-0.023211422999952,Cleethorpes ILB D,53.556879985,-0.023211423,,D-757,235096972,D-Class,IB1 variant,IB1,MK2IB1,03/12/2012
0.266,53.3408,213,OB02016848,B-Class A85 Jacqueline Saville,Mablethorpe ILB B,53.3408,0.266000000000048,Mablethorpe ILB B,53.3408,0.266,,B-887,,B-Class,Atlantic 85,Atlantic85,MK2SIMSAtlantic85,
0.266,53.3408,214,OB02016862,D-Class ILB Stanley Whiteley Chadwick,Mablethorpe ILB D,53.3408,0.266000000000048,Mablethorpe ILB D,53.3408,0.266,,D-790,235108996,D-Class,IB1 variant,IB1,MK2IB1,
0.346730248000028,53.141764937000062,215,OB02001277,ON1324 Shannon ALB Joel and April Grunnill,Skegness ALB,53.141764937,0.346730248000048,Skegness ALB,53.141764937,0.346730248,ON1324,13-17,235109055,Shannon,Carriage Boat,CarriageBoat,MK1Shannon,01/01/2016
0.346730248000028,53.141764937000062,216,OB02023336,D-Class ILB Marie Theresa Bertha Barrass,Skegness ILB D,53.141764937,0.346730248000048,,,,,D-792,,D-Class,IB1 variant,IB1,MK2IB1,21/05/2016
0.5026,52.9541,217,OB02006412,B-Class A85 Spirit of West Norfolk,Hunstanton ILB B,52.9541,0.502600000000048,Hunstanton ILB B,52.9541,0.5026,,B-848,235109734,B-Class,Atlantic 85,Atlantic85,MK2SIMSAtlantic85,01/11/2010
0.5026,52.9541,218,OB02003454,Hovercraft IRH Hunstanton Flyer,Hunstanton ILB H,52.9541,0.502600000000048,Hunstanton ILB H,52.9541,0.5026,,H-003,,Hovercraft,Griffon,Griffon,MK1470SAR,28/02/2003
0.851731633000043,52.97299526200004,219,OB02002066,ON1161 Mersey ALB Doris M Mann of Ampthill,Wells ALB,52.972995262,0.851731633000048,Wells ALB,52.972995262,0.851731633,ON1161,12-003,232003201,Mersey,Carriage Boat,CarriageBoat,MK1ALALMersey,01/06/1990
0.851731633000043,52.97299526200004,220,OB02023341,D-Class ILB Peter Wilcox,Wells ILB D,52.972995262,0.851731633000048,Wells ILB D,52.972995262,0.851731633,,D-797,,D-Class,IB1 variant,IB1,MK2IB1,12/07/2016
1.202743987000076,52.945925794000061,221,OB02004474,B-Class A85 The Odd Fellows,Sheringham ILB B,52.945925794,1.20274398700004,Sheringham ILB B,52.945925794,1.202743987,,B-818,235088862,B-Class,Atlantic 85,Atlantic85,MK1Atlantic85,01/06/2007
1.301703614000076,52.934366261000037,222,OB02004337,ON1287 Tamar ALB Lester,Cromer ALB,52.934366261,1.30170361400004,Cromer ALB,52.934366261,1.301703614,ON1287,16-07,235030385,Tamar,Slipway Boat,SlipwayBoat,MK1Tamar,20/06/2007
1.301703614000076,52.934366261000037,223,OB02006698,D-Class ILB George and Muriel,Cromer ILB D,52.934366261,1.30170361400004,Cromer ILB D,52.934366261,1.301703614,,D-734,235108922,D-Class,IB1 variant,IB1,MK2IB1,15/06/2010
1.556197324000038,52.813298173000078,224,OB02027348,B-Class A85 Howard Bell,Happisburgh ILB B,52.813298173,1.55619732400004,,,,,B-899,,B-Class,Atlantic 85,Atlantic85,MK2SIMSAtlantic85,03/04/2017
1.556197324000038,52.813298173000078,225,OB02003399,D-Class ILB Spirit of Berkhamstead,Happisburgh ILB D,52.813298173,1.55619732400004,Happisburgh ILB D,52.813298173,1.556197324,,D-607,235085974,D-Class,IB1 variant,IB1,MK2IB1,01/10/2003
1.731969864000064,52.575247902000058,226,OB02002233,ON1208 Trent ALB Samarbeta,Great Yarmouth & Gorleston ALB,52.575247902,1.73196986400004,Great Yarmouth & Gorleston ALB,52.575247902,1.731969864,ON1208,14-10,232002340,Trent,Afloat Boat,AfloatBoat,MK1Trent,30/06/1995
1.731969864000064,52.575247902000058,227,OB02009611,A-Class IRB No Name,Great Yarmouth & Gorleston ILB A,52.575247902,1.73196986400004,Great Yarmouth & Gorleston ILB A,52.575247902,1.731969864,,A-77,,A-Class,Arancia New Zealand built,AranciaNZ,MK1Lifeguard,01/06/2011
1.731969864000064,52.575247902000058,228,OB02003124,B-Class A75 Seahorse IV,Great Yarmouth & Gorleston ILB B,52.575247902,1.73196986400004,Great Yarmouth & Gorleston ILB B,52.575247902,1.731969864,,B-786,,B-Class,Atlantic 75,Atlantic75,MK1Atlantic75,14/02/2007
1.752812469000048,52.471691700000065,229,OB02026432,ON1312 Shannon ALB Patsy Knight,Lowestoft ALB,52.4716917,1.75281246900004,Lowestoft ALB,52.4716917,1.752812469,ON1312,13-05,235101098,Shannon,Afloat Boat,AfloatBoat,MK1Shannon,01/01/2016
1.672481755000035,52.314983004000055,230,OB02012493,B-Class A85 Annie Tranmer,Southwold ILB B,52.314983004,1.67248175500004,Southwold ILB B,52.314983004,1.672481755,,B-868,235097647,B-Class,Atlantic 85,Atlantic85,MK1Atlantic85,01/04/2013
1.602616185000045,52.152270576000035,231,OB02002095,ON1193 Mersey ALB Freddie Cooper,Aldeburgh ALB,52.152270576,1.60261618500004,Aldeburgh ALB,52.152270576,1.602616185,ON1193,12-34,232003208,Mersey,Carriage Boat,CarriageBoat,MK1FRCMersey,30/06/1993
1.602616185000045,52.152270576000035,232,OB02027306,D-Class ILB Susan Scott,Aldeburgh ILB D,52.152270576,1.60261618500004,,,,,D-808,,D-Class,IB1 variant,IB1,MK2IB1,22/03/2017
1.287184357000058,51.948657265000065,233,OB02002071,ON1202 Severn ALB Albert Brown,Harwich ALB,51.948657265,1.28718435700004,Harwich ALB,51.948657265,1.287184357,ON1202,17-03,232001910,Severn,Afloat Boat,AfloatBoat,MK2MTUSevern,30/06/1994
1.287184357000058,51.948657265000065,234,OB02003149,B-Class A75 Sure and Steadfast,Harwich ILB B,51.948657265,1.28718435700004,Harwich ILB B,51.948657265,1.287184357,,B-789,,B-Class,Atlantic 75,Atlantic75,MK1Atlantic75,01/10/2002
1.271191650000048,51.847245188000045,235,OB02005603,ON1299 Tamar ALB Irene Muriel Rees,Walton & Frinton ALB,51.847245188,1.27119165000004,Walton & Frinton ALB,51.847245188,1.27119165,ON1299,16-19,235069211,Tamar,Afloat Boat,AfloatBoat,MK1Tamar,22/02/2011
1.1413,51.7815,236,OB02010339,B-Class A85 David Porter MPS,Clacton-on-Sea ILB B,51.7815,1.14130000000004,Clacton-on-Sea ILB B,51.7815,1.1413,,B-863,235092957,B-Class,Atlantic 85,Atlantic85,MK1Atlantic85,06/08/2012
1.1413,51.7815,237,OB02006054,D-Class ILB Damarkand IV,Clacton-on-Sea ILB D,51.7815,1.14130000000004,Clacton-on-Sea ILB D,51.7815,1.1413,,D-723,235096964,D-Class,IB1 variant,IB1,MK2IB1,25/06/2009
0.898663509000073,51.780336524000063,238,OB02012714,B-Class A85 Just George,West Mersea ILB B,51.780336524,0.898663509000048,West Mersea ILB B,51.780336524,0.898663509,,B-879,235106996,B-Class,Atlantic 85,Atlantic85,MK2SIMSAtlantic85,
0.802529991000029,51.629184723000037,239,OB02007125,B-Class A85 Tony and Robert Britt,Burnham-on-Crouch ILB B,51.6291847229004,0.802529990673065,Burnham-on-Crouch ILB B,51.629184723,0.80252999067,,B-849,,B-Class,Atlantic 85,Atlantic85,MK2SIMSAtlantic85,10/08/2011
0.802529991000029,51.629184723000037,240,OB02027096,D-Class ILB David and Barbara Chapman,Burnham-on-Crouch ILB D,51.6291847229004,0.802529990673065,,,,,D-807,,D-Class,IB1 variant,IB1,MK2IB1,27/02/2017
0.716346025000064,51.532424927000079,241,OB02016846,B-Class A85 Julia and Angus Wright,Southend-on-Sea ILB B,51.5324249267578,0.716346025466919,Southend-on-Sea ILB B,51.532424927,0.71634602547,,B-885,,B-Class,Atlantic 85,Atlantic85,MK2SIMSAtlantic85,
0.716346025000064,51.532424927000079,242,OB02004779,D-Class ILB The Essex Freemason,Southend-on-Sea ILB D (Wet End),51.5324249267578,0.716346025466919,Southend-on-Sea ILB D (Dry End),51.532424927,0.71634602547,,D-682,235102943,D-Class,IB1 variant,IB1,MK2IB1,01/09/2007
0.716346025000064,51.532424927000079,243,OB02016043,D-Class ILB William Henderson,Southend-on-Sea ILB D (Dry End),51.5324249267578,0.716346025466919,,,,,D-771,235103263,D-Class,IB1 variant,IB1,MK2IB1,01/08/2014
0.716346025000064,51.532424927000079,244,OB02003262,Hovercraft IRH Vera Ravine,Southend-on-Sea ILB H,51.5324249267578,0.716346025466919,Southend-on-Sea ILB H,51.532424927,0.71634602547,,H-004,,Hovercraft,Griffon,Griffon,MK1470SAR,31/08/2003
0.374681366000061,51.445264788000031,245,OB02005001,B-Class A85 Olive Laura Deare II,Gravesend ILB B,51.445264788,0.374681366000048,Gravesend ILB B,51.445264788,0.374681366,,B-827,235070739,B-Class,Atlantic 85,Atlantic85,MK1Atlantic85,01/10/2008
-0.117225497999925,51.509919995000075,246,OB02003048,E-Class ILB Joan and Kenneth Bellamy,Tower Lifeboat Station,51.509919995,-0.117225497999952,Chiswick ILB E (Operational),51.482196206,-0.25158427,,E-006,235070738,E-Class,Tiger Marine T9000 (RNLI) base boat,TigerMarineT9000base,MK1E-Class,31/01/2002
-0.117225497999925,51.509919995000075,247,OB02007716,E-Class ILB Hurley Burly,Tower ILB E (Operational),51.509919995,-0.117225497999952,Tower ILB E (Operational),51.509919995,-0.117225498,,E-07,235080605,E-Class,Marine specialised technology 1050 base boat,MST1050base,MK2E-Class,01/07/2011
-0.251584269999967,51.482196206000026,248,OB02009617,E-Class ILB Brawn Challenge,Chiswick ILB E (Operational),51.482196206,-0.251584269999952,Tower ILB E (Operational),51.509919995,-0.117225498,,E-09,235080607,E-Class,Marine specialised technology 1050 base boat,MST1050base,MK2E-Class,01/04/2012
-0.251584269999967,51.482196206000026,249,OB02007777,E-Class ILB Dougie and Donna B,Chiswick ILB E (Operational),51.482196206,-0.251584269999952,Chiswick ILB E (Operational),51.482196206,-0.25158427,,E-08,235080606,E-Class,Marine specialised technology 1050 base boat,MST1050base,MK2E-Class,
-0.32606335,51.430628716000058,250,OB02006706,D-Class ILB Olwen and Tom,Teddington ILB D (Down Lock),51.430628716,-0.326063349999952,Teddington ILB D (Down Lock),51.430628716,-0.32606335,,D-743,235083511,D-Class,IB1 variant,IB1,MK2IB1,24/11/2010
-0.32606335,51.430628716000058,251,OB02016857,D-Class ILB Peter Saw,Teddington ILB D (Up Lock),51.430628716,-0.326063349999952,Teddington ILB D (Up Lock),51.430628716,-0.32606335,,D-785,235108838,D-Class,IB1 variant,IB1,MK2IB1,
0.744001985000068,51.446178436000082,252,OB02002110,ON1211 Trent ALB George and Ivy Swanson,Sheerness ALB,51.4461784362793,0.744001984596252,Sheerness ALB,51.446178436,0.7440019846,ON1211,14-13,232002180,Trent,Afloat Boat,AfloatBoat,MK1Trent,30/06/1995
0.744001985000068,51.446178436000082,253,OB02023343,D-Class ILB Buster,Sheerness ILB D,51.4461784362793,0.744001984596252,Sheerness ILB D,51.446178436,0.7440019846,,D-799,,D-Class,IB1 variant,IB1,MK2IB1,11/08/2016
1.025766881000038,51.362590523000051,254,OB02012712,B-Class A85 Lewisco,Whitstable ILB B,51.362590523,1.02576688100004,Whitstable ILB B,51.362590523,1.025766881,,B-877,235105953,B-Class,Atlantic 85,Atlantic85,MK2SIMSAtlantic85,01/07/2014
1.382693269000072,51.391616488000068,255,OB02002146,ON1178 Mersey ALB Margaret Jean,Margate ALB,51.391616488,1.38269326900004,,,,ON1178,12-21,232002290,Mersey,Afloat Boat,AfloatBoat,MK1FRCMersey,01/06/1991
1.382693269000072,51.391616488000068,256,OB02005117,D-Class ILB Tigger Three,Margate ILB D,51.391616488,1.38269326900004,Margate ILB D,51.391616488,1.382693269,,D-706,235108848,D-Class,IB1 variant,IB1,MK2IB1,01/11/2008
1.419671397000059,51.328903295000032,257,OB02002065,ON1197 Trent ALB Esme Anderson,Ramsgate ALB,51.328903295,1.41967139700004,Ramsgate ALB,51.328903295,1.419671397,ON1197,14-02,232001840,Trent,Afloat Boat,AfloatBoat,MK1Trent,30/06/1994
1.419671397000059,51.328903295000032,258,OB02012713,B-Class A85 Claire and David Delves,Ramsgate ILB B,51.328903295,1.41967139700004,Ramsgate ILB B,51.328903295,1.419671397,,B-878,235106995,B-Class,Atlantic 85,Atlantic85,MK2SIMSAtlantic85,01/09/2014
1.402989773000058,51.213531556000078,259,OB02023326,B-Class A85 The Drayton Manor,Walmer ILB B,51.213531556,1.40298977300004,,,,,B-801,235095913,B-Class,Atlantic 85,Atlantic85,MK1Atlantic85,01/06/2006
1.402989773000058,51.213531556000078,260,OB02023338,D-Class ILB Duggie Rodbard II,Walmer ILB D,51.213531556,1.40298977300004,Walmer ILB D,51.213531556,1.402989773,,D-794,,D-Class,IB1 variant,IB1,MK2IB1,19/04/2016
1.3106,51.1183,261,OB02002155,ON1220 Severn ALB City of London II,Dover ALB,51.1183,1.31060000000004,Dover ALB,51.1183,1.3106,ON1220,17-09,232002480,Severn,Afloat Boat,AfloatBoat,MK2MTUSevern,30/06/1997
0.96563554100004,50.97459350500003,262,OB02003123,B-Class A75 Fred Clarke,Littlestone-on-Sea ILB B,50.974593505,0.965635541000048,Littlestone-on-Sea ILB B,50.974593505,0.965635541,,B-785,235109553,B-Class,Atlantic 75,Atlantic75,MK1Atlantic75,28/11/2006
0.976546851000023,50.926506371000073,263,OB02026378,ON1309 Shannon ALB The Morrell,Dungeness ALB,50.926506371,0.976546851000048,Dungeness ALB,50.926506371,0.976546851,ON1309,13-02,235101095,Shannon,Carriage Boat,CarriageBoat,MK1Shannon,01/01/2016
0.76410551400005,50.938482370000031,264,OB02012715,B-Class A85 Martin Frederick Whitehouse,Rye Harbour ILB B,50.93848237,0.764105514000048,,,,,B-880,235108068,B-Class,Atlantic 85,Atlantic85,MK2SIMSAtlantic85,17/11/2014
0.591785851000054,50.854919346000031,265,OB02002080,ON1125 Mersey ALB Sealink Endeavour,Hastings ALB,50.854919346,0.591785851000048,Hastings ALB,50.854919346,0.591785851,ON1125,12-002,232003305,Mersey,Carriage Boat,CarriageBoat,MK1ALALMersey,01/01/1987
0.591785851000054,50.854919346000031,266,OB02004941,D-Class ILB Daphne May,Hastings ILB D,50.854919346,0.591785851000048,Hastings ILB D,50.854919346,0.591785851,,D-699,235102867,D-Class,IB1 variant,IB1,MK2IB1,01/02/2008
0.327696110000034,50.791179021000062,267,OB02005607,ON1303 Tamar ALB Diamond Jubilee,Eastbourne ALB,50.791179021,0.327696110000048,Eastbourne ALB,50.791179021,0.32769611,ON1303,16-23,235069215,Tamar,Afloat Boat,AfloatBoat,MK1Tamar,11/04/2012
0.327696110000034,50.791179021000062,268,OB02006707,D-Class ILB Laurence and Percy Hobbs,Eastbourne ILB D,50.791179021,0.327696110000048,Eastbourne ILB D,50.791179021,0.32769611,,D-744,235096966,D-Class,IB1 variant,IB1,MK2IB1,12/05/2013
0.053719841000031,50.78851703600003,269,OB02002128,ON1243 Severn ALB David and Elizabeth Acland,Newhaven ALB,50.788517036,0.053719841000048,Newhaven ALB,50.788517036,0.053719841,ON1243,17-21,232003141,Severn,Afloat Boat,AfloatBoat,MK2MTUSevern,30/06/1998
-0.1043,50.8109,270,OB02007401,B-Class A85 Random Harvest,Brighton ILB B,50.8109,-0.104299999999952,Brighton ILB B,50.8109,-0.1043,,B-852,235088764,B-Class,Atlantic 85,Atlantic85,MK2SIMSAtlantic85,07/09/2011
-0.249,50.8304,271,OB02004854,ON1295 Tamar ALB Enid Collett,Shoreham Harbour ALB,50.8304,-0.248999999999952,Shoreham Harbour ALB,50.8304,-0.249,ON1295,16-15,235050721,Tamar,Slipway Boat,SlipwayBoat,MK1Tamar,23/11/2010
-0.249,50.8304,272,OB02016856,D-Class ILB Joan Woodland,Shoreham Harbour ILB D,50.8304,-0.248999999999952,Shoreham Harbour ILB D,50.8304,-0.249,,D-784,235108837,D-Class,IB1 variant,IB1,MK2IB1,
-0.544482761999973,50.808029671000043,273,OB02018835,B-Class A85 Renee Sherman,Littlehampton ILB B,50.808029671,-0.544482761999952,Littlehampton ILB B,50.808029671,-0.544482762,,B-891,,B-Class,Atlantic 85,Atlantic85,MK2SIMSAtlantic85,01/01/2016
-0.544482761999973,50.808029671000043,274,OB02016071,D-Class ILB Arthur Hamilton,Littlehampton ILB D,50.808029671,-0.544482761999952,,,,,D-774,235107673,D-Class,IB1 variant,IB1,MK2IB1,01/10/2014
-0.778701947999934,50.727136435000034,275,OB02002188,ON1146 Tyne ALB Voluntary Worker,Selsey ALB,50.727136435,-0.778701947999952,Selsey ALB,50.727136435,-0.778701948,ON1146,47-031,232003309,Tyne,Slipway Boat,SlipwayBoat,MK1Tyne,01/06/1988
-0.778701947999934,50.727136435000034,276,OB02004850,D-Class ILB Betty and Thomas Moore,Selsey ILB D,50.727136435,-0.778701947999952,Selsey ILB D,50.727136435,-0.778701948,,D-691,235102941,D-Class,IB1 variant,IB1,MK2IB1,01/01/2007
-0.936680627999976,50.781624216000068,277,OB02004776,B-Class A85 Norma Ethel Vinall,Hayling Island ILB B,50.781624216,-0.936680627999952,,,,,B-825,235098753,B-Class,Atlantic 85,Atlantic85,MK1Atlantic85,20/05/2008
-1.029810711999971,50.795226199000069,278,OB02006410,B-Class A85 Norma T,Portsmouth ILB B,50.795226199,-1.02981071199995,Portsmouth ILB B,50.795226199,-1.029810712,,B-846,235108851,B-Class,Atlantic 85,Atlantic85,MK2SIMSAtlantic85,24/10/2010
-1.029810711999971,50.795226199000069,279,OB02006059,D-Class ILB Brian's Pride,Portsmouth ILB D,50.795226199,-1.02981071199995,Portsmouth ILB D,50.795226199,-1.029810712,,D-716,235091474,D-Class,IB1 variant,IB1,MK2IB1,01/07/2009
-1.308301756999924,50.82019518900006,280,OB02009291,B-Class A85 Max Walls,Calshot ILB B,50.820195189,-1.30830175699995,Calshot ILB B,50.820195189,-1.308301757,,B-860,235091473,B-Class,Atlantic 85,Atlantic85,MK2SIMSAtlantic85,30/04/2012
-1.308301756999924,50.82019518900006,281,OB02007409,D-Class ILB Willett,Calshot ILB D,50.820195189,-1.30830175699995,Calshot ILB D,50.820195189,-1.308301757,,D-748,235091475,D-Class,IB1 variant,IB1,MK2IB1,01/11/2011
-1.5291,50.7539,282,OB02016841,B-Class A85 David Bradley,Lymington ILB B,50.7539,-1.52909999999995,Lymington ILB B,50.7539,-1.5291,,B-882,235108808,B-Class,Atlantic 85,Atlantic85,MK2SIMSAtlantic85,
-1.07048001499993,50.690201827000067,283,OB02004336,ON1286 Tamar ALB Frank and Anne Wilkinson,Bembridge ALB,50.690201827,-1.07048001499995,,,,ON1286,16-06,235030386,Tamar,Afloat Boat,AfloatBoat,MK1Tamar,01/04/2007
-1.07048001499993,50.690201827000067,284,OB02004856,ON1297 Tamar ALB Alfred Albert Williams,Bembridge ALB,50.690201827,-1.07048001499995,Bembridge ALB,50.690201827,-1.070480015,ON1297,16-17,235050723,Tamar,Slipway Boat,SlipwayBoat,MK1Tamar,15/06/2010
-1.07048001499993,50.690201827000067,285,OB02016850,D-Class ILB Norman Harvey,Bembridge ILB D,50.690201827,-1.07048001499995,Bembridge ILB D,50.690201827,-1.070480015,,D-778,235108812,D-Class,IB1 variant,IB1,MK2IB1,
-1.298098567999943,50.764800583000067,286,OB02009290,B-Class A85 Sheena Louise,Cowes ILB B,50.764800583,-1.29809856799995,Cowes ILB B,50.764800583,-1.298098568,,B-859,235091472,B-Class,Atlantic 85,Atlantic85,MK1Atlantic85,08/06/2012
-1.50044,50.706162,287,OB02002741,ON1249 Severn ALB Eric and Susan Hiscock (Wanderer),Yarmouth (IOW) ALB,50.706162,-1.50044,Yarmouth (IOW) ALB,50.706162,-1.50044,ON1249,17-25,232004401,Severn,Afloat Boat,AfloatBoat,MK2MTUSevern,30/06/2000
-1.74206494799995,50.724319213000058,288,OB02004191,B-Class A85 Mudeford Servant,Mudeford ILB B,50.724319213,-1.74206494799995,Mudeford ILB B,50.724319213,-1.742064948,,B-806,235087097,B-Class,Atlantic 85,Atlantic85,MK2SIMSAtlantic85,01/09/2006
-1.991971958999954,50.712713819000044,289,OB02005000,B-Class A85 Sgt Bob Martin,Poole ILB B,50.712713819,-1.99197195899995,Poole ILB B,50.712713819,-1.991971959,,B-826,235102921,B-Class,Atlantic 85,Atlantic85,MK1Atlantic85,01/09/2008
-1.946708257999944,50.607232981000038,290,OB02026568,ON1320 Shannon ALB George Thomas Lacy,Swanage ALB,50.607232981,-1.94670825799995,Swanage ALB,50.607232981,-1.946708258,ON1320,13-13,235106583,Shannon,Slipway Boat,SlipwayBoat,MK1Shannon,01/01/2016
-1.946708257999944,50.607232981000038,291,OB02010342,D-Class ILB Phyl and Jack,Swanage ILB D,50.607232981,-1.94670825799995,Swanage ILB D,50.607232981,-1.946708258,,D-752,235094315,D-Class,IB1 variant,IB1,MK2IB1,12/07/2012
-2.45015811899998,50.607242584000062,292,OB02002734,ON1261 Severn ALB Ernest and Mabel,Weymouth ALB,50.6072425842285,-2.45015811920166,Weymouth ALB,50.607242584,-2.4501581192,ON1261,17-32,235005118,Severn,Afloat Boat,AfloatBoat,MK1CATSevern,30/06/2002
-2.45015811899998,50.607242584000062,293,OB02002793,B-Class A75 Braemar,Weymouth ILB B,50.6072425842285,-2.45015811920166,,,,,B-774,,B-Class,Atlantic 75,Atlantic75,MK1Atlantic75,15/05/2001
-2.939,50.7204,294,OB02008571,B-Class A85 Spirit of Loch Fyne,Lyme Regis ILB B,50.7204,-2.93899999999995,Lyme Regis ILB B,50.7204,-2.939,,B-857,235090695,B-Class,Atlantic 85,Atlantic85,MK1Atlantic85,01/02/2012
-3.399014831999978,50.610981629000037,295,OB02026396,ON1310 Shannon ALB R & J Welburn,Exmouth ALB,50.610981629,-3.39901483199995,Exmouth ALB,50.610981629,-3.399014832,ON1310,13-03,235101096,Shannon,Carriage Boat,CarriageBoat,MK1Shannon,01/01/2016
-3.399014831999978,50.610981629000037,296,OB02024938,D-Class ILB George Bearman II,Exmouth ILB D,50.610981629,-3.39901483199995,,,,,D-805,,D-Class,IB1 variant,IB1,MK2IB1,19/01/2017
-3.497901689999935,50.54216705500005,297,OB02005993,A-Class IRB No Name,Teignmouth ILB A,50.542167055,-3.49790168999995,,,,,A-67,,A-Class,Arancia New Zealand built,AranciaNZ,MK1Lifeguard,15/07/2009
-3.497901689999935,50.54216705500005,298,OB02004169,B-Class A85 The Two Annes,Teignmouth ILB B,50.542167055,-3.49790168999995,Teignmouth ILB B,50.542167055,-3.49790169,,B-809,235090693,B-Class,Atlantic 85,Atlantic85,MK2SIMSAtlantic85,01/06/2007
-3.505521488999932,50.399183793000077,299,OB02002755,ON1255 Severn ALB Alec and Christina Dykes,Torbay ALB,50.399183793,-3.50552148899995,Torbay ALB,50.399183793,-3.505521489,ON1255,17-28,232004407,Severn,Afloat Boat,AfloatBoat,MK1CATSevern,30/06/2001
-3.505521488999932,50.399183793000077,300,OB02016860,D-Class ILB Leslie and Mary Daws,Torbay ILB D,50.399183793,-3.50552148899995,Torbay ILB D,50.399183793,-3.505521489,,D-788,235108994,D-Class,IB1 variant,IB1,MK2IB1,
-3.578011883999977,50.354730539000059,301,OB02005113,D-Class ILB Spirit of The Dart,Dart ILB D,50.354730539,-3.57801188399995,Dart ILB D,50.354730539,-3.578011884,,D-702,235096948,D-Class,IB1 variant,IB1,MK2IB1,25/07/2008
-3.76671208199997,50.238604377000058,302,OB02004339,ON1289 Tamar ALB The Baltic Exchange III,Salcombe ALB,50.238604377,-3.76671208199995,Salcombe ALB,50.238604377,-3.766712082,ON1289,16-09,235050655,Tamar,Afloat Boat,AfloatBoat,MK1Tamar,12/12/2007
-3.76671208199997,50.238604377000058,303,OB02003311,B-Class A75 Joan Bate,Salcombe ILB B,50.238604377,-3.76671208199995,Salcombe ILB B,50.238604377,-3.766712082,,B-794, ,B-Class,Atlantic 75,Atlantic75,MK1Atlantic75,01/06/2003
-2.533414533999974,49.45274248700008,304,OB02002185,ON1203 Severn ALB Spirit of Guernsey,St Peter Port ALB,49.452742487,-2.53341453399995,St Peter Port ALB,49.452742487,-2.533414534,ON1203,17-04,232001940,Severn,Afloat Boat,AfloatBoat,MK2MTUSevern,30/06/1995
-2.030262493999942,49.217959925000059,305,OB02006407,B-Class A85 Eric W Wilson,St Catherine ILB B,49.217959925,-2.03026249399995,St Catherine ILB B,49.217959925,-2.030262494,,B-841,235108064,B-Class,Atlantic 85,Atlantic85,MK2SIMSAtlantic85,15/06/2010
-2.1128,49.1805,306,OB02004827,ON1292 Tamar ALB George Sullivan,St Helier ALB,49.1805,-2.11279999999995,St Helier ALB,49.1805,-2.1128,ON1292,16-12,235050568,Tamar,Afloat Boat,AfloatBoat,MK1Tamar,01/06/2009
-2.1128,49.1805,307,OB02006050,B-Class A85 Martin Harvey,St Helier ILB B,49.1805,-2.11279999999995,,,,,B-835,235097643,B-Class,Atlantic 85,Atlantic85,MK1Atlantic85,03/09/2009
-2.200105573999963,49.723992022000061,308,OB02002229,ON1199 Trent ALB Roy Barker I,Alderney ALB,49.723992022,-2.20010557399995,Alderney ALB,49.723992022,-2.200105574,ON1199,14-04,232001870,Trent,Afloat Boat,AfloatBoat,MK1Trent,30/06/1994
-4.1504,50.3631,309,OB02002737,ON1264 Severn ALB Sybil Mullen Glover,Plymouth ALB,50.3631,-4.15039999999995,Plymouth ALB,50.3631,-4.1504,ON1264,17-35,235005121,Severn,Afloat Boat,AfloatBoat,MK1CATSevern,28/02/2003
-4.1504,50.3631,310,OB02002957,B-Class A75 Millennium Forester,Plymouth ILB B,50.3631,-4.15039999999995,Plymouth ILB B,50.3631,-4.1504,,B-775,,B-Class,Atlantic 75,Atlantic75,MK1Atlantic75,01/07/2001
-4.1504,50.3631,311,OB02003198,A-Class IRB No Name,Plymouth ILB A,50.3631,-4.15039999999995,,,,,A-31,,A-Class,Arancia New Zealand built,AranciaNZ,MK1Lifeguard,04/02/2003
-4.453241022999975,50.35201931000006,312,OB02018847,B-Class A85 Sheila and Dennis Tongue II,Looe ILB B,50.35201931,-4.45324102299995,Looe ILB B,50.35201931,-4.453241023,,B-894,,B-Class,Atlantic 85,Atlantic85,MK2SIMSAtlantic85,01/01/2016
-4.453241022999975,50.35201931000006,313,OB02006704,D-Class ILB Ollie Naismith,Looe ILB D,50.35201931,-4.45324102299995,Looe ILB D,50.35201931,-4.453241023,,D-741,235109317,D-Class,IB1 variant,IB1,MK2IB1,22/09/2010
-4.632329422999931,50.338721722000059,314,OB02002760,ON1253 Trent ALB Corinne Whiteley,Fowey ALB,50.338721722,-4.63232942299995,,,,ON1253,14-32,232004405,Trent,Afloat Boat,AfloatBoat,MK1Trent,01/06/2001
-4.632329422999931,50.338721722000059,315,OB02004755,D-Class ILB Olive Two,Fowey ILB D,50.338721722,-4.63232942299995,Fowey ILB D,50.338721722,-4.632329423,,D-681,235102934,D-Class,IB1 variant,IB1,MK2IB1,28/09/2007
-5.0592,50.1514,316,OB02002756,ON1256 Severn ALB Richard Cox Scott,Falmouth ALB,50.1514,-5.0592,Falmouth ALB,50.1514,-5.0592,ON1256,17-29,232004408,Severn,Afloat Boat,AfloatBoat,MK1CATSevern,30/06/2001
-5.0592,50.1514,317,OB02002191,B-Class A75 Eve Pank,Falmouth ILB B,50.1514,-5.0592,Falmouth ILB B,50.1514,-5.0592,,B-756, ,B-Class,Atlantic 75,Atlantic75,MK1Atlantic75,15/06/1999
-5.187045013999978,49.969511829000055,318,OB02005604,ON1300 Tamar ALB Rose,The Lizard ALB,49.969511829,-5.18704501399995,The Lizard ALB,49.969511829,-5.187045014,ON1300,16-20,235069212,Tamar,Slipway Boat,SlipwayBoat,MK1Tamar,20/06/2011
-5.548723220999932,50.103931427000077,319,OB02002738,ON1265 Severn ALB Ivan Ellen,Penlee ALB,50.103931427002,-5.5487232208252,Penlee ALB,50.103931427,-5.5487232208,ON1265,17-36,235005122,Severn,Afloat Boat,AfloatBoat,MK1CATSevern,31/03/2003
-5.548723220999932,50.103931427000077,320,OB02018846,B-Class A85 Mollie and Ivor Dent,Penlee ILB B,50.103931427002,-5.5487232208252,Penlee ILB B,50.103931427,-5.5487232208,,B-893,,B-Class,Atlantic 85,Atlantic85,MK2SIMSAtlantic85,01/01/2016
-6.311713370999939,49.916863443000068,321,OB02002072,ON1229 Severn ALB The Whiteheads,St Mary's ALB,49.916863443,-6.31171337099995,St Mary's ALB,49.916863443,-6.311713371,ON1229,17-11,232003049,Severn,Afloat Boat,AfloatBoat,MK1CATSevern,30/06/1997
-5.703655896999976,50.077864008000063,322,OB02004853,ON1294 Tamar ALB City of London III,Sennen Cove ALB,50.077864008,-5.70365589699995,Sennen Cove ALB,50.077864008,-5.703655897,ON1294,16-14,235050719,Tamar,Slipway Boat,SlipwayBoat,MK1Tamar,28/10/2009
-5.703655896999976,50.077864008000063,323,OB02012707,D-Class ILB Amy Brown,Sennen Cove ILB D,50.077864008,-5.70365589699995,Sennen Cove ILB D,50.077864008,-5.703655897,,D-763,235102025,D-Class,IB1 variant,IB1,MK2IB1,18/11/2013
-5.4796,50.2128,324,OB02026535,ON1318 Shannon ALB Nora Stachura,St Ives ALB,50.2128,-5.47959999999995,St Ives ALB,50.2128,-5.4796,ON1318,13-11,235106579,Shannon,Carriage Boat,CarriageBoat,MK1Shannon,01/01/2016
-5.2017,50.3195,325,OB02016859,D-Class ILB XKalibur,St Agnes ILB D,50.3195,-5.20169999999995,St Agnes ILB D,50.3195,-5.2017,,D-787,235108991,D-Class,IB1 variant,IB1,MK2IB1,
-5.087124555999935,50.416410726000038,326,OB02004764,B-Class A85 The Gladys Mildred,Newquay (Cornwall) ILB B,50.416410726,-5.08712455599995,Newquay (Cornwall) ILB B,50.416410726,-5.087124556,,B-821,235101862,B-Class,Atlantic 85,Atlantic85,MK1Atlantic85,01/09/2007
-5.087124555999935,50.416410726000038,327,OB02016070,D-Class ILB Enid Mary,Newquay (Cornwall) ILB D,50.416410726,-5.08712455599995,Newquay (Cornwall) ILB D,50.416410726,-5.087124556,,D-773,235103266,D-Class,IB1 variant,IB1,MK2IB1,02/10/2014
-5.021720112999958,50.549034447000054,328,OB02003816,ON1283 Tamar ALB Spirit of Padstow,Padstow ALB,50.549034447,-5.02172011299995,Padstow ALB,50.549034447,-5.021720113,ON1283,16-04,235030388,Tamar,Slipway Boat,SlipwayBoat,MK1Tamar,31/08/2006
-4.924478921999935,50.544642779000071,329,OB02006548,D-Class ILB Norma and Bill Burleigh,Rock ILB D,50.544642779,-4.92447892199995,,,,,D-720,235108872,D-Class,IB1 variant,IB1,MK2IB1,06/07/2012
-4.831992476999972,50.592012253000064,330,OB02005118,D-Class ILB Copeland Bell,Port Isaac ILB D,50.592012253,-4.83199247699995,Port Isaac ILB D,50.592012253,-4.831992477,,D-707,235096952,D-Class,IB1 variant,IB1,MK2IB1,01/11/2008
-4.831992476999972,50.592012253000064,331,OB02026053,T Mansell,Port Isaac ILB D,50.592012253,-4.83199247699995,,,,,,,D-Class,IB1 variant,IB1,MK2IB1,16/02/2017
-4.550007875999938,50.830894826000076,332,OB02010345,D-Class ILB George Bird,Bude ILB D,50.830894826,-4.55000787599995,Bude ILB D,50.830894826,-4.550007876,,D-756,235096667,D-Class,IB1 variant,IB1,MK2IB1,29/11/2012
-4.3976,50.9983,333,OB02012703,B-Class A85 Toby Rundle,Clovelly ILB B,50.9983,-4.39759999999995,Clovelly ILB B,50.9983,-4.3976,,B-872,235100651,B-Class,Atlantic 85,Atlantic85,MK1Atlantic85,02/05/2014
-4.19986903299997,51.056909316000031,334,OB02004855,ON1296 Tamar ALB Mollie Hunt,Appledore ALB,51.056909316,-4.19986903299995,Appledore ALB,51.056909316,-4.199869033,ON1296,16-16,235050722,Tamar,Afloat Boat,AfloatBoat,MK1Tamar,28/01/2010
-4.19986903299997,51.056909316000031,335,OB02010337,B-Class A85 Glanely,Appledore ILB B,51.056909316,-4.19986903299995,Appledore ILB B,51.056909316,-4.199869033,,B-861,235092934,B-Class,Atlantic 85,Atlantic85,MK1Atlantic85,19/06/2012
-4.116088369999943,51.209662845000082,336,OB02026500,ON1316 Shannon ALB The Barry & Peggy High Foundation,Ilfracombe ALB,51.209662845,-4.11608836999995,Ilfracombe ALB,51.209662845,-4.11608837,ON1316,13-09,235106576,Shannon,Carriage Boat,CarriageBoat,MK1Shannon,01/01/2016
-4.116088369999943,51.209662845000082,337,OB02006060,D-Class ILB Deborah Brown II,Ilfracombe ILB D,51.209662845,-4.11608836999995,Ilfracombe ILB D,51.209662845,-4.11608837,,D-717,235102875,D-Class,IB1 variant,IB1,MK2IB1,01/08/2009
-3.475224220999962,51.214049396000064,338,OB02004775,B-Class A85 Richard and Elizabeth Deaves,Minehead ILB B,51.214049396,-3.47522422099995,Minehead ILB B,51.214049396,-3.475224221,,B-824,235097642,B-Class,Atlantic 85,Atlantic85,MK1Atlantic85,29/11/2007
-3.475224220999962,51.214049396000064,339,OB02005123,D-Class ILB Christine,Minehead ILB D,51.214049396,-3.47522422099995,Minehead ILB D,51.214049396,-3.475224221,,D-712,235108849,D-Class,IB1 variant,IB1,MK2IB1,01/07/2009
-2.9973,51.2337,340,OB02003312,B-Class A75 Staines Whitfield,Burnham-on-Sea ILB B,51.2337,-2.99729999999995,Burnham-on-Sea ILB B,51.2337,-2.9973,,B-795,,B-Class,Atlantic 75,Atlantic75,MK1Atlantic75,15/09/2003
-2.9973,51.2337,341,OB02023533,D-Class ILB Burnham Reach,Burnham-on-Sea ILB D,51.2337,-2.99729999999995,Burnham-on-Sea Lifeboat Station,51.2337,-2.9973,,D-801,,D-Class,IB1 variant,IB1,MK2IB1,05/10/2016
-2.988006,51.352089,342,OB02002780,B-Class A75 Coventry and Warwickshire,Weston-Super-Mare ILB B (Knightstone),51.352089,-2.988006,Weston-Super-Mare ILB B (Knightstone),51.352089,-2.988006,,B-769,,B-Class,Atlantic 75,Atlantic75,MK1Atlantic75,15/10/2002
-2.988006,51.352089,343,OB02004938,D-Class ILB Anna Stock,Weston-Super-Mare ILB D (Knightstone),51.352089,-2.988006,Weston-Super-Mare ILB D (Knightstone),51.352089,-2.988006,,D-696,235102987,D-Class,IB1 variant,IB1,MK2IB1,08/05/2008
-2.756786262999981,51.493793173000029,344,OB02016845,B-Class A85 My Lady Anne,Portishead ILB B,51.493793173,-2.75678626299995,Portishead ILB B,51.493793173,-2.756786263,,B-884,235109764,B-Class,Atlantic 85,Atlantic85,MK2SIMSAtlantic85,
-3.16901,51.432529815000066,345,OB02006406,B-Class A85 Maureen Lilian,Penarth ILB B,51.432529815,-3.16900999999995,Penarth ILB B,51.432529815,-3.16901,,B-839,235100648,B-Class,Atlantic 85,Atlantic85,MK1Atlantic85,23/02/2010
-3.16901,51.432529815000066,346,OB02004934,D-Class ILB Connie Dains,Penarth ILB D,51.432529815,-3.16900999999995,Penarth ILB D,51.432529815,-3.16901,,D-692,235102935,D-Class,IB1 variant,IB1,MK2IB1,01/01/2008
-3.261922655999967,51.39329906100005,347,OB02002134,ON1245 Trent ALB Inner Wheel II,Barry Dock ALB,51.393299061,-3.26192265599995,Barry Dock ALB,51.393299061,-3.261922656,ON1245,14-29,232004396,Trent,Afloat Boat,AfloatBoat,MK1Trent,01/06/1999
-3.702059058999964,51.474169109000059,348,OB02005006,B-Class A85 Rose of The Shires,Porthcawl ILB B,51.474169109,-3.70205905899995,Porthcawl ILB B,51.474169109,-3.702059059,,B-832,235091471,B-Class,Atlantic 85,Atlantic85,MK1Atlantic85,18/05/2009
-3.702059058999964,51.474169109000059,349,OB02006058,D-Class ILB Jean Ryall,Porthcawl ILB D,51.474169109,-3.70205905899995,Porthcawl ILB D,51.474169109,-3.702059059,,D-714,235076273,D-Class,IB1 variant,IB1,MK2IB1,01/03/2010
-3.816836980999938,51.593538016000082,350,OB02007411,D-Class ILB Yeoman of The Guard,Port Talbot ILB D,51.593538016,-3.81683698099995,,,,,D-750,235096969,D-Class,IB1 variant,IB1,MK2IB1,01/12/2011
-3.974174975999972,51.569854736000082,351,OB02005611,ON1307 Tamar ALB Roy Barker IV,The Mumbles ALB,51.5698547363281,-3.97417497634888,The Mumbles ALB,51.569854736,-3.9741749763,ON1307,16-27,235069218,Tamar,Slipway Boat,SlipwayBoat,MK1Tamar,21/07/2013
-3.974174975999972,51.569854736000082,352,OB02012705,D-Class ILB Mark Lott,The Mumbles ILB D,51.5698547363281,-3.97417497634888,The Mumbles ILB D,51.569854736,-3.9741749763,,D-761,235100703,D-Class,IB1 variant,IB1,MK2IB1,16/09/2013
-4.2011,51.5483,353,OB02004808,D-Class ILB Albert Wordley,Horton & Port Eynon ILB D,51.5483,-4.20109999999995,Horton & Port Eynon ILB D,51.5483,-4.2011,,D-688,235096944,D-Class,IB1 variant,IB1,MK2IB1,01/01/2008
-4.248449439999945,51.67971328200008,354,OB02002960,B-Class A75 Leicester Challenge II,Burry Port ILB B,51.679713282,-4.24844943999995,Burry Port ILB B,51.679713282,-4.24844944,,B-777,,B-Class,Atlantic 75,Atlantic75,MK1Atlantic75,01/11/2001
-4.248449439999945,51.67971328200008,355,OB02007410,D-Class ILB Diane Hilary,Burry Port ILB D,51.679713282,-4.24844943999995,Burry Port ILB D,51.679713282,-4.24844944,,D-749,235096968,D-Class,IB1 variant,IB1,MK2IB1,01/11/2011
-4.693728540999928,51.673089251000079,356,OB02003696,ON1281 Tamar ALB Haydn Miller,Tenby ALB,51.673089251,-4.69372854099995,Tenby ALB,51.673089251,-4.693728541,ON1281,16-02,235014279,Tamar,Slipway Boat,SlipwayBoat,MK1Tamar,31/01/2006
-4.693728540999928,51.673089251000079,357,OB02006350,D-Class ILB Georgina Taylor,Tenby ILB D,51.673089251,-4.69372854099995,Tenby ILB D,51.673089251,-4.693728541,,D-727,235102928,D-Class,IB1 variant,IB1,MK2IB1,02/12/2009
-5.079037930999959,51.689476347000038,358,OB02004826,ON1291 Tamar ALB Mark Mason,Angle ALB,51.689476347,-5.07903793099995,Angle ALB,51.689476347,-5.079037931,ON1291,16-11,235050567,Tamar,Slipway Boat,SlipwayBoat,MK1Tamar,06/01/2009
-5.079037930999959,51.689476347000038,359,OB02016456,D-Class ILB Super G II,Angle ILB D,51.689476347,-5.07903793099995,Angle ILB D,51.689476347,-5.079037931,,D-776,235107683,D-Class,IB1 variant,IB1,MK2IB1,10/12/2014
-5.107116532999953,51.773168438000027,360,OB02014019,D-Class ILB Jack and Edith May,Little & Broad Haven ILB D,51.773168438,-5.10711653299995,Little & Broad Haven ILB D,51.773168438,-5.107116533,,D-766,235102819,D-Class,IB1 variant,IB1,MK2IB1,01/03/2014
-5.309104875999935,51.878558765000037,361,OB02005610,ON1306 Tamar ALB Norah Wortley,St Davids ALB,51.878558765,-5.30910487599995,St Davids ALB,51.878558765,-5.309104876,ON1306,16-26,235069182,Tamar,Slipway Boat,SlipwayBoat,MK1Tamar,20/02/2013
-5.309104875999935,51.878558765000037,362,OB02005115,D-Class ILB Myrtle and Trevor Gurr,St Davids ILB D,51.878558765,-5.30910487599995,St Davids ILB D,51.878558765,-5.309104876,,D-704,235108921,D-Class,IB1 variant,IB1,MK2IB1,01/10/2008
-4.9842,52.0133,363,OB02002156,ON1198 Trent ALB Blue Peter VII,Fishguard ALB,52.0133,-4.98419999999995,Fishguard ALB,52.0133,-4.9842,ON1198,14-03,232001860,Trent,Afloat Boat,AfloatBoat,MK1Trent,30/06/1994
-4.9842,52.0133,364,OB02016861,D-Class ILB Edward Arthur Richardson,Fishguard ILB D,52.0133,-4.98419999999995,Fishguard ILB D,52.0133,-4.9842,,D-789,235108995,D-Class,IB1 variant,IB1,MK2IB1,
-4.6995,52.1047,365,OB02012495,B-Class A85 John and Louisa Fisher,Cardigan ILB B,52.1047,-4.69949999999995,,,,,B-870,235098757,B-Class,Atlantic 85,Atlantic85,MK1Atlantic85,05/07/2013
-4.6995,52.1047,366,OB02005120,D-Class ILB Elsie Ida Meade,Cardigan ILB D,52.1047,-4.69949999999995,Cardigan ILB D,52.1047,-4.6995,,D-709,235096953,D-Class,IB1 variant,IB1,MK2IB1,01/12/2008
-4.357590376999951,52.213498061000053,367,OB02002140,ON1172 Mersey ALB Frank and Lena Clifford of Stourbridge,New Quay (Ceredigion) ALB,52.213498061,-4.35759037699995,New Quay (Ceredigion) ALB,52.213498061,-4.357590377,ON1172,12-15,232002726,Mersey,Carriage Boat,CarriageBoat,MK1FRCMersey,01/01/1991
-4.357590376999951,52.213498061000053,368,OB02010344,D-Class ILB Audrey LJ,New Quay (Ceredigion) ILB D,52.213498061,-4.35759037699995,New Quay (Ceredigion) ILB D,52.213498061,-4.357590377,,D-754,235096974,D-Class,IB1 variant,IB1,MK2IB1,10/09/2012
-4.088923459999933,52.408782500000029,369,OB02012343,A-Class IRB No Name,Aberystwyth ILB A,52.4087825,-4.08892345999995,Aberystwyth ILB A,52.4087825,-4.08892346,,A-78,,A-Class,Arancia United Kingdom built,AranciaUK,MK2Lifeboat,01/12/2012
-4.088923459999933,52.408782500000029,370,OB02004765,B-Class A85 Spirit of Friendship,Aberystwyth ILB B,52.4087825,-4.08892345999995,Aberystwyth ILB B,52.4087825,-4.08892346,,B-822,235102918,B-Class,Atlantic 85,Atlantic85,MK1Atlantic85,01/10/2007
-4.051377135999928,52.481262048000076,371,OB02012578,D-Class ILB Geoffrey Scott,Borth ILB D,52.481262048,-4.05137713599995,Borth ILB D,52.481262048,-4.051377136,,D-760,235100204,D-Class,IB1 variant,IB1,MK2IB1,05/07/2013
-4.04566338799998,52.543235564000042,372,OB02018849,B-Class A85 Hugh Miles,Aberdovey ILB B,52.543235564,-4.04566338799995,Aberdovey ILB B,52.543235564,-4.045663388,,B-896,,B-Class,Atlantic 85,Atlantic85,MK2SIMSAtlantic85,01/01/2016
-4.0558,52.7209,373,OB02002175,ON1185 Mersey ALB Moira Barrie,Barmouth ALB,52.7209,-4.05579999999995,Barmouth ALB,52.7209,-4.0558,ON1185,12-26,232002645,Mersey,Carriage Boat,CarriageBoat,MK1FRCMersey,30/06/1992
-4.0558,52.7209,374,OB02004471,D-Class ILB Rotarian Clive Tanner,Barmouth ILB D,52.7209,-4.05579999999995,Barmouth ILB D,52.7209,-4.0558,,D-678,235096938,D-Class,IB1 variant,IB1,MK2IB1,06/06/2007
-4.230413712999962,52.918001955000079,375,OB02004774,B-Class A85 Doris Joan,Criccieth ILB B,52.918001955,-4.23041371299995,Criccieth ILB B,52.918001955,-4.230413713,,B-823,235096757,B-Class,Atlantic 85,Atlantic85,MK1Atlantic85,18/10/2007
-4.4022,52.8828,376,OB02002061,ON1168 Mersey ALB Lilly and Vincent Anthony,Pwllheli ALB,52.8828,-4.40219999999995,Pwllheli ALB,52.8828,-4.4022,ON1168,12-010,232003205,Mersey,Carriage Boat,CarriageBoat,MK1ALALMersey,01/01/1990
-4.4022,52.8828,377,OB02004469,D-Class ILB Leslie and Peter Downes,Pwllheli ILB D,52.8828,-4.40219999999995,Pwllheli ILB D,52.8828,-4.4022,,D-676,235096936,D-Class,IB1 variant,IB1,MK2IB1,01/07/2007
-4.504437662999976,52.826468720000037,378,OB02016847,B-Class A85 Peter and Ann Setten,Abersoch ILB B,52.82646872,-4.50443766299995,Abersoch ILB B,52.82646872,-4.504437663,,B-886,,B-Class,Atlantic 85,Atlantic85,MK2SIMSAtlantic85,
-4.564596432999963,52.946956974000045,379,OB02003080,D-Class BB Hounslow,Porthdinllaen ALB,52.946956974,-4.56459643299995,Porthdinllaen Lifeboat Station,52.946956974,-4.564596433,,BB-575,,D-Class,EA16 variant,EA16,MK1BBEA16,01/01/2002
-4.564596432999963,52.946956974000045,380,OB02005608,ON1304 Tamar ALB John D Spicer,Porthdinllaen ALB,52.946956974,-4.56459643299995,Porthdinllaen ALB,52.946956974,-4.564596433,ON1304,16-24,235069216,Tamar,Slipway Boat,SlipwayBoat,MK1Tamar,15/07/2012
-4.619960872999968,53.280685305000077,381,OB02006411,B-Class A85 Hereford Endeavour,Trearddur Bay ILB B,53.280685305,-4.61996087299995,Trearddur Bay ILB B,53.280685305,-4.619960873,,B-847,235109733,B-Class,Atlantic 85,Atlantic85,MK2SIMSAtlantic85,10/11/2010
-4.619960872999968,53.280685305000077,382,OB02006579,D-Class ILB Constance Green,Trearddur Bay ILB D,53.280685305,-4.61996087299995,,,,,D-730,,D-Class,IB1 variant,IB1,MK2IB1,01/03/2010
-4.619960872999968,53.280685305000077,383,OB02010343,D-Class ILB Clive and Imelda Rawlins,Trearddur Bay ILB D,53.280685305,-4.61996087299995,Trearddur Bay ILB D,53.280685305,-4.619960873,,D-753,235096973,D-Class,IB1 variant,IB1,MK2IB1,27/07/2012
-4.641812592999941,53.317998997000075,384,OB02002974,ON1272 Severn ALB Christopher Pearce,Holyhead ALB,53.317998997,-4.64181259299995,Holyhead ALB,53.317998997,-4.641812593,ON1272,17-41,235007796,Severn,Afloat Boat,AfloatBoat,MK1CATSevern,31/12/2003
-4.641812592999941,53.317998997000075,385,OB02002736,ON1263 Severn ALB Osier,Holyhead ALB,53.317998997,-4.64181259299995,,,,ON1263,17-34,235005119,Severn,Afloat Boat,AfloatBoat,MK1CATSevern,01/06/2002
-4.641812592999941,53.317998997000075,386,OB02016863,D-Class ILB Mary and Archie Hooper,Holyhead ILB D,53.317998997,-4.64181259299995,Holyhead ILB D,53.317998997,-4.641812593,,D-791,235108997,D-Class,IB1 variant,IB1,MK2IB1,
-4.231977206999943,53.354648850000046,387,OB02004825,ON1290 Tamar ALB Edward and Barbara Prigmore,Moelfre ALB,53.35464885,-4.23197720699995,,,,ON1290,16-10,235050566,Tamar,Afloat Boat,AfloatBoat,MK1Tamar,04/08/2008
-4.231977206999943,53.354648850000046,388,OB02004809,D-Class ILB Enfys,Moelfre ILB D,53.35464885,-4.23197720699995,Moelfre ILB D,53.35464885,-4.231977207,,D-689,235102931,D-Class,IB1 variant,IB1,MK2IB1,02/01/2008
-4.0908,53.2622,389,OB02006322,B-Class A85 Annette Mary Liddington,Beaumaris ILB B,53.2622,-4.09079999999995,Beaumaris ILB B,53.2622,-4.0908,,B-838,235102922,B-Class,Atlantic 85,Atlantic85,MK1Atlantic85,05/01/2010
-3.826255679999974,53.28079837100006,390,OB02013977,D-Class ILB The May-Bob,Conwy ILB D,53.280798371,-3.82625567999995,Conwy ILB D,53.280798371,-3.82625568,,D-765,235102818,D-Class,IB1 variant,IB1,MK2IB1,06/02/2014
-3.834,53.322,391,OB02002062,ON1164 Mersey ALB Andy Pearce,Llandudno ALB,53.322,-3.83399999999995,Llandudno ALB,53.322,-3.834,ON1164,12-006,232003203,Mersey,Carriage Boat,CarriageBoat,MK1ALALMersey,01/06/1990
-3.834,53.322,392,OB02023337,D-Class ILB Dr Barbara Saunderson,Llandudno ILB D,53.322,-3.83399999999995,Llandudno ILB D,53.322,-3.834,,D-793,,D-Class,IB1 variant,IB1,MK2IB1,06/04/2016
-3.489,53.3251,393,OB02002176,ON1183 Mersey ALB Lil Cunningham,Rhyl ALB,53.3251,-3.48899999999995,Rhyl ALB,53.3251,-3.489,ON1183,12-24,232002741,Mersey,Carriage Boat,CarriageBoat,MK1FRCMersey,30/06/1992
-3.489,53.3251,394,OB02016003,D-Class ILB Mary Maxwell,Rhyl ILB D,53.3251,-3.48899999999995,Rhyl ILB D,53.3251,-3.489,,D-770,235103262,D-Class,IB1 variant,IB1,MK2IB1,11/08/2014
-3.128462284999955,53.250505758000031,395,OB02023339,D-Class ILB Lady Barbara,Flint ILB D,53.250505758,-3.12846228499995,Flint ILB D,53.250505758,-3.128462285,,D-795,,D-Class,IB1 variant,IB1,MK2IB1,05/09/2016
-6.235384514999964,53.788407950000078,396,OB02002147,ON1190 Mersey ALB Doris Bleasdale,Clogher Head ALB,53.78840795,-6.23538451499995,Clogher Head ALB,53.78840795,-6.235384515,ON1190,12-31,232003207,Mersey,Carriage Boat,CarriageBoat,MK1FRCMersey,30/06/1992
-6.105646061999948,53.585827241000061,397,OB02005004,B-Class A85 Douglas Murray,Skerries ILB B,53.585827241,-6.10564606199995,,,,,B-830,235101863,B-Class,Atlantic 85,Atlantic85,MK1Atlantic85,01/02/2009
-6.068254951999961,53.389622450000047,398,OB02002731,ON1258 Trent ALB Roy Barker III,Howth ALB,53.38962245,-6.06825495199995,Howth ALB,53.38962245,-6.068254952,ON1258,14-33,235003642,Trent,Afloat Boat,AfloatBoat,MK1Trent,30/06/2002
-6.068254951999961,53.389622450000047,399,OB02023340,D-Class ILB Aideen Cresswell,Howth ILB D,53.38962245,-6.06825495199995,Howth ILB D,53.38962245,-6.068254952,,D-796,,D-Class,IB1 variant,IB1,MK2IB1,12/07/2016
-6.129895689999955,53.29308560100003,400,OB02002137,ON1200 Trent ALB Anna Livia,Dun Laoghaire ALB,53.293085601,-6.12989568999995,Dun Laoghaire ALB,53.293085601,-6.12989569,ON1200,14-05,232001880,Trent,Afloat Boat,AfloatBoat,MK1Trent,30/06/1995
-6.129895689999955,53.29308560100003,401,OB02004849,D-Class ILB David Young,Dun Laoghaire ILB D,53.293085601,-6.12989568999995,,,,,D-690,,D-Class,IB1 variant,IB1,MK2IB1,01/01/2008
-6.032684,52.981601,402,OB02002148,ON1153 Tyne ALB Annie Blaker,Wicklow ALB,52.981601,-6.032684,Wicklow ALB,52.981601,-6.032684,ON1153,47-035,232003199,Tyne,Slipway Boat,SlipwayBoat,MK1Tyne,01/01/1989
-6.032684,52.981601,403,OB02027095,D-Class ILB Dennis-Audrey,Wicklow ILB D,52.981601,-6.032684,,,,,D-806,,D-Class,IB1 variant,IB1,MK2IB1,27/02/2017
-6.145102807999933,52.791971233000027,404,OB02002153,ON1223 Trent ALB Ger Tigchelaar,Arklow ALB,52.791971233,-6.14510280799995,Arklow ALB,52.791971233,-6.145102808,ON1223,14-19,232002182,Trent,Afloat Boat,AfloatBoat,MK1Trent,30/06/1996
-6.22591327799995,52.643506345000048,405,OB02005122,D-Class ILB Cairde An Chuain,Courtown ILB D,52.643506345,-6.22591327799995,Courtown ILB D,52.643506345,-6.225913278,,D-711,235096955,D-Class,IB1 variant,IB1,MK2IB1,23/08/2009
-6.461634870999944,52.341891150000038,406,OB02016854,D-Class ILB Alfred William Newman,Wexford ILB D,52.34189115,-6.46163487099995,Wexford ILB D,52.34189115,-6.461634871,,D-782,235108827,D-Class,IB1 variant,IB1,MK2IB1,01/06/2015
-6.33581490499995,52.253975556000057,407,OB02003222,ON1278 Severn ALB The Duke of Kent,Rosslare Harbour ALB,52.253975556,-6.33581490499995,,,,ON1278,17-45,,Severn,Afloat Boat,AfloatBoat,MK1CATSevern,14/02/2005
-6.589876552999954,52.173354334000067,408,OB02004857,ON1298 Tamar ALB Kilarney,Kilmore Quay ALB,52.173354334,-6.58987655299995,Kilmore Quay ALB,52.173354334,-6.589876553,ON1298,16-18,235050725,Tamar,Afloat Boat,AfloatBoat,MK1Tamar,23/06/2010
-6.838203445999966,52.187758392000035,409,OB02004780,D-Class ILB Tradewinds,Fethard ILB D,52.187758392,-6.83820344599995,Fethard ILB D,52.187758392,-6.838203446,,D-683,235096941,D-Class,IB1 variant,IB1,MK2IB1,01/10/2007
-6.992517913999961,52.147077293000052,410,OB02002109,ON1215 Trent ALB Elizabeth and Ronald,Dunmore East ALB,52.147077293,-6.99251791399995,Dunmore East ALB,52.147077293,-6.992517914,ON1215,14-17,232002410,Trent,Afloat Boat,AfloatBoat,MK1Trent,30/06/1996
-6.992517913999961,52.147077293000052,411,OB02002157,ON1228 Trent ALB Dora Foster McDougall,Dunmore East ALB,52.147077293,-6.99251791399995,,,,ON1228,14-24,232002585,Trent,Afloat Boat,AfloatBoat,MK1Trent,01/06/1997
-7.160562047999974,52.15409635900005,412,OB02016853,D-Class ILB Isabella Purchase,Tramore ILB D,52.154096359,-7.16056204799995,Tramore ILB D,52.154096359,-7.160562048,,D-781,235108828,D-Class,IB1 variant,IB1,MK2IB1,
-7.5398,52.0538,413,OB02012709,B-Class A85 Robert Armstrong,Helvick Head ILB B,52.0538,-7.53979999999995,Helvick Head ILB B,52.0538,-7.5398,,B-874,235102923,B-Class,Atlantic 85,Atlantic85,MK1Atlantic85,18/02/2014
-7.84418788399995,51.951456628000074,414,OB02016865,B-Class A85 Gordon and Phil,Youghal ILB B,51.951456628,-7.84418788399995,,,,,B-890,,B-Class,Atlantic 85,Atlantic85,MK2SIMSAtlantic85,12/04/2016
-8.001682132999974,51.826984275000029,415,OB02002220,ON1233 Trent ALB Austin Lidbury,Ballycotton ALB,51.826984275,-8.00168213299995,Ballycotton ALB,51.826984275,-8.001682133,ON1233,14-25,232003131,Trent,Afloat Boat,AfloatBoat,MK1Trent,30/06/1997
-8.297909750999963,51.804435498000032,416,OB02018845,B-Class A85 John and Janet,Crosshaven ILB B,51.804435498,-8.29790975099995,Crosshaven ILB B,51.804435498,-8.297909751,,B-892,,B-Class,Atlantic 85,Atlantic85,MK2SIMSAtlantic85,01/01/2016
-8.518,51.7001,417,OB02003313,B-Class A75 Miss Sally Anne (Baggy),Kinsale ILB B,51.7001,-8.51799999999995,Kinsale ILB B,51.7001,-8.518,,B-796,,B-Class,Atlantic 75,Atlantic75,MK1Atlantic75,13/11/2006
-8.709275753999975,51.634941476000051,418,OB02002198,ON1205 Trent ALB Frederick Storey Cockburn,Courtmacsherry Harbour ALB,51.634941476,-8.70927575399995,Courtmacsherry Harbour ALB,51.634941476,-8.709275754,ON1205,14-07,232001960,Trent,Afloat Boat,AfloatBoat,MK1Trent,30/06/1995
-9.133952895999926,51.558712080000078,419,OB02003150,B-Class A75 Margaret Bench of Solihull,Union Hall ILB B,51.55871208,-9.13395289599995,,,,,B-790,,B-Class,Atlantic 75,Atlantic75,MK1Atlantic75,08/09/2004
-9.372083241999974,51.487760827000045,420,OB02005606,ON1302 Tamar ALB Alan Massey,Baltimore ALB,51.487760827,-9.37208324199995,Baltimore ALB,51.487760827,-9.372083242,ON1302,16-22,235069214,Tamar,Afloat Boat,AfloatBoat,MK1Tamar,13/12/2011
-9.372083241999974,51.487760827000045,421,OB02002962,B-Class A75 Patricia Jennings,Baltimore ILB B,51.487760827,-9.37208324199995,,,,,B-780,,B-Class,Atlantic 75,Atlantic75,MK1Atlantic75,01/02/2002
-9.901900769999941,51.648978253000053,422,OB02003221,ON1277 Severn ALB Annette Hutton,Castletownbere ALB,51.648978253,-9.90190076999995,Castletownbere ALB,51.648978253,-9.90190077,ON1277,17-44,,Severn,Afloat Boat,AfloatBoat,MK2MTUSevern,31/08/2004
-10.288281722999955,51.92681710800008,423,OB02002116,ON1218 Severn ALB John and Margaret Doig,Valentia ALB,51.926817108,-10.2882817229999,Valentia ALB,51.926817108,-10.288281723,ON1218,17-07,232002460,Severn,Afloat Boat,AfloatBoat,MK2MTUSevern,30/06/1996
-9.863121253999964,52.271712099000069,424,OB02002214,ON1239 Trent ALB Robert Hywel Jones Williams,Fenit ALB,52.271712099,-9.86312125399995,Fenit ALB,52.271712099,-9.863121254,ON1239,14-27,232003137,Trent,Afloat Boat,AfloatBoat,MK1Trent,30/06/1998
-8.275910316999955,52.925978457000042,425,OB02002963,B-Class A75 Elsinore,Lough Derg ILB B,52.925978457,-8.27591031699995,,,,,B-781,,B-Class,Atlantic 75,Atlantic75,MK1Atlantic75,01/02/2002
-9.500569926999958,52.62994492100006,426,OB02006409,B-Class A85 Edith Louise Eastwick,Kilrush ILB B,52.629944921,-9.50056992699995,Kilrush ILB B,52.629944921,-9.500569927,,B-844,235109124,B-Class,Atlantic 85,Atlantic85,MK2SIMSAtlantic85,18/08/2010
-9.667940150999925,53.12307994300005,427,OB02002107,ON1217 Severn ALB David Kirkaldy,Aran Islands ALB,53.123079943,-9.66794015099995,Aran Islands ALB,53.123079943,-9.667940151,ON1217,17-06,232002450,Severn,Afloat Boat,AfloatBoat,MK2MTUSevern,30/06/1996
-9.046869816999958,53.269160471000077,428,OB02007402,B-Class A85 Binny,Galway ILB B,53.269160471,-9.04686981699995,Galway ILB B,53.269160471,-9.046869817,,B-853,235088863,B-Class,Atlantic 85,Atlantic85,MK2SIMSAtlantic85,04/10/2011
-7.928379164999967,53.464033389000065,429,OB02002791,B-Class A75 The Eric Rowse,Lough Ree ILB B,53.464033389,-7.92837916499995,,,,,B-772,,B-Class,Atlantic 75,Atlantic75,MK1Atlantic75,01/03/2001
-10.029777659999979,53.48585328300004,430,OB02002138,ON1192 Mersey ALB Fisherman's Friend,Clifden ALB,53.485853283,-10.0297776599999,,,,ON1192,12-33,232002576,Mersey,Afloat Boat,AfloatBoat,MK1FRCMersey,01/06/1993
-10.029777659999979,53.48585328300004,431,OB02012494,B-Class A85 Joyce King,Clifden ILB B,53.485853283,-10.0297776599999,Clifden ILB B,53.485853283,-10.02977766,,B-869,235098756,B-Class,Atlantic 85,Atlantic85,MK1Atlantic85,01/05/2013
-10.029777659999979,53.48585328300004,432,OB02004472,D-Class ILB Grßinne Uaile,Clifden ILB D,53.485853283,-10.0297776599999,Clifden ILB D,53.485853283,-10.02977766,,D-679,235096939,D-Class,IB1 variant,IB1,MK2IB1,01/07/2007
-9.944697,53.882786,433,OB02002141,D-Class PUB Peterborough Beer Festival I,Achill Island ALB,53.882786,-9.94469699999995,,,,,D-523,,D-Class,EA16 variant,EA16,MK1BBEA16,01/06/1997
-9.944697,53.882786,434,OB02002121,ON1240 Trent ALB Sam and Ada Moody,Achill Island ALB,53.882786,-9.94469699999995,Achill Island ALB,53.882786,-9.944697,ON1240,14-28,232003138,Trent,Afloat Boat,AfloatBoat,MK1Trent,30/06/1998
-9.893222,54.253746,435,OB02002202,ON1235 Severn ALB  Bryan and Gordon,Ballyglass ALB,54.253746,-9.893222,Ballyglass ALB,54.253746,-9.893222,ON1235,17-15,232003133,Severn,Afloat Boat,AfloatBoat,MK2MTUSevern,30/06/1997
-9.893222,54.253746,436,OB02004807,D-Class ILB The Western,Ballyglass ILB D,54.253746,-9.893222,Ballyglass ILB D,54.253746,-9.893222,,D-687,235096943,D-Class,IB1 variant,IB1,MK2IB1,29/11/2007
-8.567927266999959,54.305058667000083,437,OB02016849,B-Class A85 Sheila and Dennis Tongue,Sligo Bay ILB B,54.305058667,-8.56792726699995,Sligo Bay ILB B,54.305058667,-8.567927267,,B-888,,B-Class,Atlantic 85,Atlantic85,MK2SIMSAtlantic85,
-8.28909125399997,54.477008697000031,438,OB02006049,B-Class A85 William Henry Liddington,Bundoran ILB B,54.477008697,-8.28909125399995,Bundoran ILB B,54.477008697,-8.289091254,,B-834,235101864,B-Class,Atlantic 85,Atlantic85,MK1Atlantic85,01/07/2009
-8.498311415999979,54.997130045000063,439,OB02002144,ON1244 Severn ALB Myrtle Maud,Arranmore ALB,54.997130045,-8.49831141599995,Arranmore ALB,54.997130045,-8.498311416,ON1244,17-22,232003142,Severn,Afloat Boat,AfloatBoat,MK2MTUSevern,30/06/1999
-7.473456829999975,55.140875811000058,440,OB02026483,ON1315 Shannon ALB Derek Bullivant,Lough Swilly ALB,55.140875811,-7.47345682999995,Lough Swilly ALB,55.140875811,-7.47345683,ON1315,13-08,235106575,Shannon,Afloat Boat,AfloatBoat,MK1Shannon,01/01/2016
-7.473456829999975,55.140875811000058,441,OB02004612,B-Class A85 Minnie and Ernest George Barry,Lough Swilly ILB B,55.140875811,-7.47345682999995,Lough Swilly ILB B,55.140875811,-7.47345683,,B-819,235089703,B-Class,Atlantic 85,Atlantic85,MK1Atlantic85,25/07/2007
-1.991971958999954,50.712713819000044,442,OB02024939,D-Class ILB Gladys Maud Burton,Poole ILB D,50.712713819,-1.99197195899995,,,,,D-804,,D-Class,IB1 variant,IB1,MK2IB1,19/01/2017
